SKU,Branch,Branch_Stock,Min_Stock,Max_Stock,Sales_30D
SKU0001,BR001,32,10,30,67
SKU0001,BR002,31,10,30,67
SKU0001,BR003,41,13,39,91
SKU0001,BR004,23,12,36,86
SKU0001,BR005,24,12,36,80
SKU0002,BR001,121,39,117,65
SKU0002,BR002,82,48,144,81
SKU0002,BR003,90,42,126,70
SKU0002,BR004,84,41,123,69
SKU0002,BR005,70,52,156,88
SKU0003,BR001,232,23,69,79
SKU0003,BR002,71,23,69,78
SKU0003,BR003,65,25,75,85
SKU0003,BR004,32,24,72,82
SKU0003,BR005,73,27,81,91
SKU0004,BR001,174,46,138,72
SKU0004,BR002,137,53,159,82
SKU0004,BR003,132,51,153,79
SKU0004,BR004,83,44,132,69
SKU0004,BR005,40,50,150,77
SKU0005,BR001,104,33,99,84
SKU0005,BR002,241,33,99,83
SKU0005,BR003,195,27,81,68
SKU0005,BR004,227,30,90,75
SKU0005,BR005,52,34,102,86
SKU0006,BR001,121,39,117,66
SKU0006,BR002,135,46,138,77
SKU0006,BR003,50,42,126,71
SKU0006,BR004,36,36,108,61
SKU0006,BR005,35,43,129,73
SKU0007,BR001,33,21,63,73
SKU0007,BR002,51,20,60,68
SKU0007,BR003,67,27,81,92
SKU0007,BR004,74,23,69,77
SKU0007,BR005,37,27,81,90
SKU0008,BR001,79,43,129,87
SKU0008,BR002,69,37,111,74
SKU0008,BR003,70,41,123,82
SKU0008,BR004,55,37,111,74
SKU0008,BR005,69,37,111,75
SKU0009,BR001,103,37,111,69
SKU0009,BR002,32,34,102,63
SKU0009,BR003,51,40,120,74
SKU0009,BR004,101,43,129,79
SKU0009,BR005,114,37,111,68
SKU0010,BR001,117,52,156,95
SKU0010,BR002,53,41,123,76
SKU0010,BR003,106,35,105,64
SKU0010,BR004,218,46,138,84
SKU0010,BR005,95,42,126,78
SKU0011,BR001,218,21,63,70
SKU0011,BR002,28,19,57,66
SKU0011,BR003,17,20,60,69
SKU0011,BR004,29,20,60,68
SKU0011,BR005,30,19,57,65
SKU0012,BR001,15,8,24,82
SKU0012,BR002,16,6,18,60
SKU0012,BR003,226,9,27,92
SKU0012,BR004,14,7,21,75
SKU0012,BR005,18,6,18,65
SKU0013,BR001,22,21,63,73
SKU0013,BR002,64,20,60,68
SKU0013,BR003,162,14,42,48
SKU0013,BR004,180,17,51,58
SKU0013,BR005,58,21,63,71
SKU0014,BR001,39,27,81,68
SKU0014,BR002,73,31,93,78
SKU0014,BR003,30,29,87,74
SKU0014,BR004,43,33,99,84
SKU0014,BR005,87,32,96,82
SKU0015,BR001,232,15,45,77
SKU0015,BR002,7,12,36,63
SKU0015,BR003,27,17,51,89
SKU0015,BR004,59,18,54,94
SKU0015,BR005,52,17,51,87
SKU0016,BR001,5,11,33,75
SKU0016,BR002,1,10,30,70
SKU0016,BR003,29,9,27,63
SKU0016,BR004,20,9,27,65
SKU0016,BR005,228,12,36,86
SKU0017,BR001,12,19,57,78
SKU0017,BR002,257,21,63,88
SKU0017,BR003,38,19,57,77
SKU0017,BR004,40,17,51,71
SKU0017,BR005,42,18,54,73
SKU0018,BR001,11,17,51,71
SKU0018,BR002,188,17,51,71
SKU0018,BR003,14,17,51,71
SKU0018,BR004,27,21,63,86
SKU0018,BR005,18,14,42,59
SKU0019,BR001,28,12,36,85
SKU0019,BR002,9,10,30,72
SKU0019,BR003,31,12,36,81
SKU0019,BR004,15,12,36,81
SKU0019,BR005,38,11,33,78
SKU0020,BR001,126,57,171,88
SKU0020,BR002,92,41,123,64
SKU0020,BR003,101,52,156,81
SKU0020,BR004,176,61,183,95
SKU0020,BR005,141,61,183,94
SKU0021,BR001,48,15,45,75
SKU0021,BR002,40,17,51,89
SKU0021,BR003,10,15,45,75
SKU0021,BR004,37,14,42,72
SKU0021,BR005,9,15,45,79
SKU0022,BR001,197,7,21,76
SKU0022,BR002,17,6,18,64
SKU0022,BR003,8,7,21,77
SKU0022,BR004,3,7,21,72
SKU0022,BR005,0,7,21,76
SKU0023,BR001,53,18,54,75
SKU0023,BR002,21,18,54,74
SKU0023,BR003,179,17,51,69
SKU0023,BR004,153,14,42,58
SKU0023,BR005,24,18,54,73
SKU0024,BR001,4,12,36,61
SKU0024,BR002,21,13,39,65
SKU0024,BR003,217,16,48,82
SKU0024,BR004,214,17,51,87
SKU0024,BR005,38,16,48,80
SKU0025,BR001,56,30,90,68
SKU0025,BR002,189,35,105,79
SKU0025,BR003,80,34,102,76
SKU0025,BR004,57,31,93,69
SKU0025,BR005,58,31,93,70
SKU0026,BR001,185,26,78,66
SKU0026,BR002,54,34,102,87
SKU0026,BR003,28,36,108,90
SKU0026,BR004,69,27,81,68
SKU0026,BR005,192,24,72,60
SKU0027,BR001,70,34,102,76
SKU0027,BR002,80,29,87,65
SKU0027,BR003,79,42,126,94
SKU0027,BR004,41,32,96,72
SKU0027,BR005,90,31,93,69
SKU0028,BR001,224,8,24,87
SKU0028,BR002,13,8,24,85
SKU0028,BR003,7,7,21,74
SKU0028,BR004,11,8,24,81
SKU0028,BR005,12,6,18,63
SKU0029,BR001,10,17,51,87
SKU0029,BR002,48,15,45,75
SKU0029,BR003,21,16,48,80
SKU0029,BR004,7,12,36,63
SKU0029,BR005,20,15,45,77
SKU0030,BR001,19,9,27,64
SKU0030,BR002,219,12,36,80
SKU0030,BR003,5,9,27,63
SKU0030,BR004,16,8,24,57
SKU0030,BR005,33,11,33,77
SKU0031,BR001,94,36,108,61
SKU0031,BR002,48,38,114,64
SKU0031,BR003,232,49,147,83
SKU0031,BR004,81,43,129,73
SKU0031,BR005,47,54,162,90
SKU0032,BR001,49,39,117,79
SKU0032,BR002,61,38,114,77
SKU0032,BR003,20,29,87,58
SKU0032,BR004,35,29,87,59
SKU0032,BR005,184,37,111,74
SKU0033,BR001,188,42,126,71
SKU0033,BR002,127,48,144,81
SKU0033,BR003,104,46,138,77
SKU0033,BR004,58,34,102,58
SKU0033,BR005,128,49,147,82
SKU0034,BR001,29,25,75,74
SKU0034,BR002,59,27,81,79
SKU0034,BR003,46,29,87,85
SKU0034,BR004,19,29,87,85
SKU0034,BR005,46,30,90,88
SKU0035,BR001,104,34,102,68
SKU0035,BR002,33,38,114,77
SKU0035,BR003,72,41,123,83
SKU0035,BR004,97,43,129,87
SKU0035,BR005,51,34,102,68
SKU0036,BR001,111,36,108,81
SKU0036,BR002,33,41,123,92
SKU0036,BR003,169,25,75,56
SKU0036,BR004,32,27,81,62
SKU0036,BR005,97,35,105,78
SKU0037,BR001,45,43,129,67
SKU0037,BR002,181,41,123,64
SKU0037,BR003,130,55,165,85
SKU0037,BR004,92,56,168,87
SKU0037,BR005,83,58,174,90
SKU0038,BR001,102,36,108,72
SKU0038,BR002,64,39,117,79
SKU0038,BR003,204,37,111,74
SKU0038,BR004,157,32,96,64
SKU0038,BR005,116,43,129,86
SKU0039,BR001,11,7,21,71
SKU0039,BR002,20,8,24,85
SKU0039,BR003,16,6,18,69
SKU0039,BR004,17,9,27,91
SKU0039,BR005,16,8,24,83
SKU0040,BR001,229,53,159,82
SKU0040,BR002,62,48,144,75
SKU0040,BR003,47,41,123,64
SKU0040,BR004,107,53,159,83
SKU0040,BR005,66,52,156,80
SKU0041,BR001,52,35,105,59
SKU0041,BR002,62,55,165,93
SKU0041,BR003,226,48,144,80
SKU0041,BR004,117,45,135,76
SKU0041,BR005,67,40,120,67
SKU0042,BR001,89,32,96,72
SKU0042,BR002,38,37,111,83
SKU0042,BR003,107,45,135,100
SKU0042,BR004,69,26,78,58
SKU0042,BR005,42,28,84,64
SKU0043,BR001,30,16,48,66
SKU0043,BR002,6,15,45,63
SKU0043,BR003,48,20,60,82
SKU0043,BR004,52,19,57,76
SKU0043,BR005,49,21,63,88
SKU0044,BR001,240,20,60,80
SKU0044,BR002,39,18,54,75
SKU0044,BR003,22,20,60,81
SKU0044,BR004,25,19,57,79
SKU0044,BR005,45,18,54,74
SKU0045,BR001,17,13,39,87
SKU0045,BR002,226,11,33,76
SKU0045,BR003,6,11,33,74
SKU0045,BR004,10,11,33,77
SKU0045,BR005,6,12,36,83
SKU0046,BR001,2,8,24,84
SKU0046,BR002,23,7,21,75
SKU0046,BR003,21,6,18,67
SKU0046,BR004,5,6,18,67
SKU0046,BR005,23,7,21,77
SKU0047,BR001,18,24,72,61
SKU0047,BR002,83,33,99,83
SKU0047,BR003,212,28,84,70
SKU0047,BR004,60,34,102,87
SKU0047,BR005,40,31,93,78
SKU0048,BR001,89,30,90,61
SKU0048,BR002,35,35,105,71
SKU0048,BR003,93,41,123,84
SKU0048,BR004,63,40,120,81
SKU0048,BR005,44,40,120,80
SKU0049,BR001,55,30,90,67
SKU0049,BR002,81,36,108,82
SKU0049,BR003,33,36,108,80
SKU0049,BR004,184,32,96,72
SKU0049,BR005,69,33,99,74
SKU0050,BR001,101,44,132,69
SKU0050,BR002,46,48,144,75
SKU0050,BR003,138,49,147,76
SKU0050,BR004,133,49,147,76
SKU0050,BR005,39,44,132,69
SKU0051,BR001,28,12,36,82
SKU0051,BR002,2,11,33,77
SKU0051,BR003,31,13,39,90
SKU0051,BR004,222,12,36,80
SKU0051,BR005,229,11,33,75
SKU0052,BR001,12,21,63,71
SKU0052,BR002,185,20,60,69
SKU0052,BR003,142,16,48,56
SKU0052,BR004,59,26,78,87
SKU0052,BR005,24,23,69,78
SKU0053,BR001,102,43,129,73
SKU0053,BR002,34,40,120,67
SKU0053,BR003,140,45,135,75
SKU0053,BR004,53,45,135,75
SKU0053,BR005,45,48,144,81
SKU0054,BR001,35,16,48,84
SKU0054,BR002,6,15,45,79
SKU0054,BR003,13,13,39,69
SKU0054,BR004,18,20,60,100
SKU0054,BR005,15,9,27,49
SKU0055,BR001,114,58,174,90
SKU0055,BR002,49,48,144,74
SKU0055,BR003,46,45,135,70
SKU0055,BR004,61,55,165,85
SKU0055,BR005,49,45,135,70
SKU0056,BR001,124,47,141,79
SKU0056,BR002,51,45,135,76
SKU0056,BR003,56,45,135,75
SKU0056,BR004,28,31,93,53
SKU0056,BR005,212,48,144,81
SKU0057,BR001,121,39,117,79
SKU0057,BR002,45,41,123,84
SKU0057,BR003,105,35,105,70
SKU0057,BR004,60,38,114,77
SKU0057,BR005,73,34,102,68
SKU0058,BR001,27,23,69,77
SKU0058,BR002,46,17,51,58
SKU0058,BR003,58,18,54,60
SKU0058,BR004,82,26,78,87
SKU0058,BR005,91,30,90,102
SKU0059,BR001,23,23,69,66
SKU0059,BR002,53,23,69,67
SKU0059,BR003,80,26,78,76
SKU0059,BR004,70,22,66,63
SKU0059,BR005,38,26,78,77
SKU0060,BR001,63,30,90,68
SKU0060,BR002,28,32,96,73
SKU0060,BR003,37,28,84,63
SKU0060,BR004,65,29,87,65
SKU0060,BR005,50,30,90,67
SKU0061,BR001,3,8,24,80
SKU0061,BR002,4,6,18,66
SKU0061,BR003,17,5,15,54
SKU0061,BR004,4,7,21,76
SKU0061,BR005,15,7,21,79
SKU0062,BR001,65,33,99,74
SKU0062,BR002,52,33,99,74
SKU0062,BR003,37,28,84,63
SKU0062,BR004,65,41,123,93
SKU0062,BR005,196,36,108,80
SKU0063,BR001,120,47,141,86
SKU0063,BR002,132,46,138,85
SKU0063,BR003,102,41,123,76
SKU0063,BR004,58,37,111,68
SKU0063,BR005,103,33,99,61
SKU0064,BR001,126,47,141,86
SKU0064,BR002,146,48,144,89
SKU0064,BR003,58,42,126,77
SKU0064,BR004,121,42,126,77
SKU0064,BR005,96,42,126,77
SKU0065,BR001,3,7,21,70
SKU0065,BR002,15,5,15,57
SKU0065,BR003,232,8,24,89
SKU0065,BR004,12,7,21,74
SKU0065,BR005,5,7,21,77
SKU0066,BR001,63,23,69,79
SKU0066,BR002,61,19,57,66
SKU0066,BR003,48,22,66,75
SKU0066,BR004,34,19,57,66
SKU0066,BR005,30,21,63,72
SKU0067,BR001,147,48,144,75
SKU0067,BR002,38,41,123,64
SKU0067,BR003,49,53,159,82
SKU0067,BR004,67,39,117,60
SKU0067,BR005,126,46,138,71
SKU0068,BR001,281,27,81,109
SKU0068,BR002,36,15,45,62
SKU0068,BR003,20,14,42,57
SKU0068,BR004,5,15,45,60
SKU0068,BR005,21,19,57,78
SKU0069,BR001,63,24,72,69
SKU0069,BR002,34,26,78,75
SKU0069,BR003,22,20,60,59
SKU0069,BR004,73,23,69,67
SKU0069,BR005,196,25,75,73
SKU0070,BR001,22,13,39,68
SKU0070,BR002,14,16,48,81
SKU0070,BR003,251,17,51,86
SKU0070,BR004,23,12,36,62
SKU0070,BR005,47,14,42,71
SKU0071,BR001,66,28,84,72
SKU0071,BR002,62,33,99,83
SKU0071,BR003,51,32,96,81
SKU0071,BR004,60,28,84,72
SKU0071,BR005,230,32,96,80
SKU0072,BR001,8,6,18,65
SKU0072,BR002,15,6,18,67
SKU0072,BR003,208,8,24,80
SKU0072,BR004,204,6,18,66
SKU0072,BR005,17,7,21,73
SKU0073,BR001,80,52,156,80
SKU0073,BR002,61,48,144,74
SKU0073,BR003,151,50,150,77
SKU0073,BR004,122,49,147,76
SKU0073,BR005,68,46,138,71
SKU0074,BR001,140,49,147,82
SKU0074,BR002,190,41,123,69
SKU0074,BR003,46,43,129,73
SKU0074,BR004,121,39,117,65
SKU0074,BR005,232,54,162,91
SKU0075,BR001,162,36,108,66
SKU0075,BR002,68,41,123,76
SKU0075,BR003,208,37,111,68
SKU0075,BR004,60,34,102,62
SKU0075,BR005,213,47,141,86
SKU0076,BR001,50,28,84,72
SKU0076,BR002,30,20,60,52
SKU0076,BR003,61,26,78,65
SKU0076,BR004,53,27,81,68
SKU0076,BR005,169,28,84,70
SKU0077,BR001,119,41,123,84
SKU0077,BR002,89,36,108,73
SKU0077,BR003,111,37,111,74
SKU0077,BR004,52,42,126,85
SKU0077,BR005,88,39,117,79
SKU0078,BR001,46,48,144,80
SKU0078,BR002,207,47,141,79
SKU0078,BR003,56,36,108,61
SKU0078,BR004,199,43,129,73
SKU0078,BR005,259,52,156,88
SKU0079,BR001,225,59,177,91
SKU0079,BR002,139,47,141,73
SKU0079,BR003,74,48,144,75
SKU0079,BR004,45,55,165,86
SKU0079,BR005,115,39,117,60
SKU0080,BR001,13,11,33,56
SKU0080,BR002,55,18,54,90
SKU0080,BR003,31,11,33,58
SKU0080,BR004,164,11,33,56
SKU0080,BR005,39,13,39,65
SKU0081,BR001,102,39,117,65
SKU0081,BR002,193,47,141,79
SKU0081,BR003,59,36,108,60
SKU0081,BR004,119,46,138,77
SKU0081,BR005,225,53,159,89
SKU0082,BR001,222,42,126,77
SKU0082,BR002,210,46,138,84
SKU0082,BR003,220,39,117,71
SKU0082,BR004,30,39,117,72
SKU0082,BR005,98,36,108,67
SKU0083,BR001,36,14,42,71
SKU0083,BR002,20,14,42,71
SKU0083,BR003,11,13,39,66
SKU0083,BR004,26,14,42,73
SKU0083,BR005,10,13,39,65
SKU0084,BR001,51,21,63,72
SKU0084,BR002,68,24,72,81
SKU0084,BR003,63,21,63,72
SKU0084,BR004,44,18,54,63
SKU0084,BR005,8,18,54,60
SKU0085,BR001,31,39,117,78
SKU0085,BR002,60,35,105,70
SKU0085,BR003,60,30,90,61
SKU0085,BR004,66,35,105,71
SKU0085,BR005,24,34,102,69
SKU0086,BR001,49,30,90,75
SKU0086,BR002,38,22,66,56
SKU0086,BR003,84,28,84,70
SKU0086,BR004,247,35,105,89
SKU0086,BR005,60,24,72,62
SKU0087,BR001,9,10,30,72
SKU0087,BR002,19,12,36,81
SKU0087,BR003,38,11,33,79
SKU0087,BR004,17,12,36,82
SKU0087,BR005,11,11,33,77
SKU0088,BR001,142,49,147,76
SKU0088,BR002,95,61,183,95
SKU0088,BR003,164,53,159,82
SKU0088,BR004,41,45,135,70
SKU0088,BR005,87,42,126,65
SKU0089,BR001,4,7,21,78
SKU0089,BR002,9,6,18,64
SKU0089,BR003,1,6,18,67
SKU0089,BR004,173,7,21,70
SKU0089,BR005,10,7,21,71
SKU0090,BR001,11,15,45,77
SKU0090,BR002,42,13,39,69
SKU0090,BR003,204,15,45,75
SKU0090,BR004,182,14,42,72
SKU0090,BR005,43,15,45,77
SKU0091,BR001,192,42,126,77
SKU0091,BR002,38,43,129,79
SKU0091,BR003,93,40,120,74
SKU0091,BR004,120,40,120,74
SKU0091,BR005,52,37,111,69
SKU0092,BR001,73,48,144,80
SKU0092,BR002,80,43,129,73
SKU0092,BR003,201,45,135,75
SKU0092,BR004,90,40,120,67
SKU0092,BR005,74,45,135,75
SKU0093,BR001,216,45,135,75
SKU0093,BR002,118,49,147,83
SKU0093,BR003,82,42,126,71
SKU0093,BR004,134,51,153,85
SKU0093,BR005,45,37,111,62
SKU0094,BR001,203,27,81,69
SKU0094,BR002,52,26,78,65
SKU0094,BR003,45,29,87,73
SKU0094,BR004,26,30,90,77
SKU0094,BR005,59,35,105,88
SKU0095,BR001,52,38,114,95
SKU0095,BR002,72,28,84,72
SKU0095,BR003,66,27,81,69
SKU0095,BR004,59,27,81,69
SKU0095,BR005,34,26,78,65
SKU0096,BR001,65,52,156,88
SKU0096,BR002,102,40,120,67
SKU0096,BR003,51,43,129,73
SKU0096,BR004,115,46,138,78
SKU0096,BR005,80,48,144,81
SKU0097,BR001,83,28,84,64
SKU0097,BR002,82,36,108,81
SKU0097,BR003,70,34,102,76
SKU0097,BR004,55,35,105,78
SKU0097,BR005,49,34,102,76
SKU0098,BR001,117,43,129,88
SKU0098,BR002,210,41,123,82
SKU0098,BR003,36,31,93,62
SKU0098,BR004,210,35,105,71
SKU0098,BR005,44,26,78,52
SKU0099,BR001,16,8,24,82
SKU0099,BR002,15,7,21,71
SKU0099,BR003,21,7,21,72
SKU0099,BR004,5,6,18,66
SKU0099,BR005,201,6,18,68
SKU0100,BR001,126,55,165,92
SKU0100,BR002,49,42,126,71
SKU0100,BR003,176,37,111,62
SKU0100,BR004,167,39,117,65
SKU0100,BR005,53,53,159,89
SKU0101,BR001,26,12,36,84
SKU0101,BR002,233,11,33,78
SKU0101,BR003,39,13,39,89
SKU0101,BR004,37,12,36,84
SKU0101,BR005,30,11,33,77
SKU0102,BR001,59,43,129,79
SKU0102,BR002,166,36,108,66
SKU0102,BR003,110,47,141,87
SKU0102,BR004,45,37,111,68
SKU0102,BR005,164,37,111,68
SKU0103,BR001,233,47,141,79
SKU0103,BR002,62,33,99,55
SKU0103,BR003,187,41,123,69
SKU0103,BR004,37,43,129,73
SKU0103,BR005,77,47,141,79
SKU0104,BR001,99,32,96,65
SKU0104,BR002,125,43,129,86
SKU0104,BR003,92,40,120,81
SKU0104,BR004,82,36,108,72
SKU0104,BR005,104,40,120,81
SKU0105,BR001,198,7,21,75
SKU0105,BR002,15,6,18,69
SKU0105,BR003,182,7,21,73
SKU0105,BR004,18,8,24,83
SKU0105,BR005,21,7,21,72
SKU0106,BR001,3,9,27,66
SKU0106,BR002,36,12,36,80
SKU0106,BR003,1,8,24,59
SKU0106,BR004,192,10,30,69
SKU0106,BR005,32,11,33,74
SKU0107,BR001,44,34,102,86
SKU0107,BR002,40,36,108,91
SKU0107,BR003,38,36,108,90
SKU0107,BR004,66,22,66,57
SKU0107,BR005,92,31,93,79
SKU0108,BR001,33,22,66,74
SKU0108,BR002,47,20,60,69
SKU0108,BR003,34,19,57,66
SKU0108,BR004,44,19,57,66
SKU0108,BR005,37,29,87,99
SKU0109,BR001,195,24,72,61
SKU0109,BR002,57,28,84,70
SKU0109,BR003,75,31,93,79
SKU0109,BR004,54,24,72,62
SKU0109,BR005,188,29,87,73
SKU0110,BR001,97,42,126,78
SKU0110,BR002,114,40,120,73
SKU0110,BR003,41,34,102,63
SKU0110,BR004,36,29,87,53
SKU0110,BR005,70,41,123,75
SKU0111,BR001,50,28,84,56
SKU0111,BR002,34,32,96,65
SKU0111,BR003,38,35,105,71
SKU0111,BR004,189,36,108,73
SKU0111,BR005,69,39,117,79
SKU0112,BR001,225,15,45,78
SKU0112,BR002,24,14,42,74
SKU0112,BR003,36,18,54,92
SKU0112,BR004,221,15,45,76
SKU0112,BR005,161,10,30,50
SKU0113,BR001,178,28,84,72
SKU0113,BR002,50,28,84,71
SKU0113,BR003,66,31,93,79
SKU0113,BR004,170,26,78,65
SKU0113,BR005,67,24,72,62
SKU0114,BR001,46,19,57,78
SKU0114,BR002,58,20,60,80
SKU0114,BR003,34,23,69,92
SKU0114,BR004,10,19,57,77
SKU0114,BR005,10,18,54,75
SKU0115,BR001,8,7,21,71
SKU0115,BR002,24,8,24,82
SKU0115,BR003,209,6,18,68
SKU0115,BR004,8,5,15,52
SKU0115,BR005,5,6,18,69
SKU0116,BR001,88,35,105,71
SKU0116,BR002,97,43,129,88
SKU0116,BR003,91,40,120,80
SKU0116,BR004,63,36,108,73
SKU0116,BR005,83,35,105,71
SKU0117,BR001,188,48,144,74
SKU0117,BR002,99,56,168,87
SKU0117,BR003,46,51,153,79
SKU0117,BR004,70,34,102,53
SKU0117,BR005,114,57,171,88
SKU0118,BR001,202,49,147,83
SKU0118,BR002,97,47,141,79
SKU0118,BR003,87,45,135,75
SKU0118,BR004,67,34,102,57
SKU0118,BR005,215,46,138,77
SKU0119,BR001,7,8,24,80
SKU0119,BR002,20,8,24,81
SKU0119,BR003,19,7,21,71
SKU0119,BR004,183,7,21,72
SKU0119,BR005,16,8,24,83
SKU0120,BR001,252,50,150,92
SKU0120,BR002,277,55,165,101
SKU0120,BR003,26,30,90,56
SKU0120,BR004,157,35,105,64
SKU0120,BR005,109,35,105,64
SKU0121,BR001,59,29,87,59
SKU0121,BR002,87,33,99,66
SKU0121,BR003,94,34,102,69
SKU0121,BR004,94,37,111,74
SKU0121,BR005,51,29,87,59
SKU0122,BR001,83,31,93,91
SKU0122,BR002,23,24,72,70
SKU0122,BR003,22,28,84,82
SKU0122,BR004,194,26,78,75
SKU0122,BR005,69,23,69,67
SKU0123,BR001,12,8,24,58
SKU0123,BR002,4,11,33,76
SKU0123,BR003,33,10,30,70
SKU0123,BR004,212,10,30,73
SKU0123,BR005,40,12,36,81
SKU0124,BR001,43,22,66,89
SKU0124,BR002,24,17,51,68
SKU0124,BR003,18,21,63,85
SKU0124,BR004,31,17,51,69
SKU0124,BR005,13,18,54,72
SKU0125,BR001,43,15,45,75
SKU0125,BR002,43,17,51,89
SKU0125,BR003,40,14,42,70
SKU0125,BR004,39,15,45,77
SKU0125,BR005,35,16,48,80
SKU0126,BR001,26,21,63,72
SKU0126,BR002,72,23,69,79
SKU0126,BR003,11,21,63,71
SKU0126,BR004,57,24,72,83
SKU0126,BR005,35,21,63,73
SKU0127,BR001,198,44,132,74
SKU0127,BR002,90,55,165,93
SKU0127,BR003,50,37,111,62
SKU0127,BR004,89,48,144,80
SKU0127,BR005,188,44,132,74
SKU0128,BR001,51,36,108,72
SKU0128,BR002,170,32,96,65
SKU0128,BR003,241,40,120,81
SKU0128,BR004,220,41,123,83
SKU0128,BR005,119,43,129,86
SKU0129,BR001,190,29,87,73
SKU0129,BR002,59,29,87,74
SKU0129,BR003,26,28,84,72
SKU0129,BR004,179,28,84,70
SKU0129,BR005,39,26,78,66
SKU0130,BR001,46,36,108,80
SKU0130,BR002,181,33,99,75
SKU0130,BR003,71,33,99,75
SKU0130,BR004,173,31,93,70
SKU0130,BR005,86,33,99,75
SKU0131,BR001,147,48,144,80
SKU0131,BR002,250,52,156,87
SKU0131,BR003,35,42,126,71
SKU0131,BR004,124,42,126,71
SKU0131,BR005,175,36,108,61
SKU0132,BR001,78,45,135,83
SKU0132,BR002,83,38,114,70
SKU0132,BR003,78,39,117,72
SKU0132,BR004,189,39,117,72
SKU0132,BR005,44,41,123,75
SKU0133,BR001,13,15,45,79
SKU0133,BR002,20,15,45,75
SKU0133,BR003,34,18,54,90
SKU0133,BR004,25,14,42,71
SKU0133,BR005,43,17,51,86
SKU0134,BR001,93,39,117,60
SKU0134,BR002,79,48,144,74
SKU0134,BR003,137,51,153,79
SKU0134,BR004,130,42,126,65
SKU0134,BR005,128,57,171,88
SKU0135,BR001,26,26,78,65
SKU0135,BR002,26,29,87,73
SKU0135,BR003,42,28,84,70
SKU0135,BR004,70,29,87,74
SKU0135,BR005,200,29,87,74
SKU0136,BR001,81,44,132,81
SKU0136,BR002,82,44,132,81
SKU0136,BR003,92,52,156,95
SKU0136,BR004,45,27,81,50
SKU0136,BR005,67,33,99,60
SKU0137,BR001,73,55,165,86
SKU0137,BR002,47,53,159,83
SKU0137,BR003,77,53,159,82
SKU0137,BR004,130,49,147,76
SKU0137,BR005,147,50,150,78
SKU0138,BR001,88,53,159,97
SKU0138,BR002,27,37,111,68
SKU0138,BR003,131,44,132,80
SKU0138,BR004,107,42,126,77
SKU0138,BR005,84,40,120,73
SKU0139,BR001,36,46,138,77
SKU0139,BR002,64,43,129,73
SKU0139,BR003,91,49,147,83
SKU0139,BR004,233,48,144,80
SKU0139,BR005,88,48,144,80
SKU0140,BR001,78,47,141,87
SKU0140,BR002,122,46,138,84
SKU0140,BR003,72,31,93,57
SKU0140,BR004,262,51,153,93
SKU0140,BR005,65,39,117,71
SKU0141,BR001,81,35,105,65
SKU0141,BR002,106,37,111,69
SKU0141,BR003,94,48,144,88
SKU0141,BR004,68,44,132,80
SKU0141,BR005,67,42,126,77
SKU0142,BR001,39,33,99,75
SKU0142,BR002,73,34,102,77
SKU0142,BR003,76,36,108,80
SKU0142,BR004,179,27,81,61
SKU0142,BR005,67,27,81,61
SKU0143,BR001,76,32,96,72
SKU0143,BR002,84,30,90,67
SKU0143,BR003,224,34,102,76
SKU0143,BR004,189,34,102,77
SKU0143,BR005,51,36,108,80
SKU0144,BR001,66,56,168,87
SKU0144,BR002,48,51,153,79
SKU0144,BR003,136,48,144,75
SKU0144,BR004,90,34,102,53
SKU0144,BR005,74,46,138,71
SKU0145,BR001,12,13,39,68
SKU0145,BR002,2,11,33,59
SKU0145,BR003,18,15,45,76
SKU0145,BR004,34,16,48,82
SKU0145,BR005,20,12,36,60
SKU0146,BR001,148,14,42,56
SKU0146,BR002,16,20,60,81
SKU0146,BR003,38,24,72,98
SKU0146,BR004,44,17,51,71
SKU0146,BR005,48,17,51,71
SKU0147,BR001,22,21,63,72
SKU0147,BR002,11,21,63,73
SKU0147,BR003,47,21,63,73
SKU0147,BR004,66,21,63,72
SKU0147,BR005,247,26,78,87
SKU0148,BR001,58,45,135,70
SKU0148,BR002,28,35,105,55
SKU0148,BR003,35,43,129,67
SKU0148,BR004,143,58,174,90
SKU0148,BR005,43,36,108,56
SKU0149,BR001,30,22,66,65
SKU0149,BR002,58,26,78,77
SKU0149,BR003,75,28,84,81
SKU0149,BR004,44,23,69,66
SKU0149,BR005,16,24,72,70
SKU0150,BR001,33,21,63,73
SKU0150,BR002,44,20,60,67
SKU0150,BR003,58,20,60,68
SKU0150,BR004,16,21,63,72
SKU0150,BR005,245,24,72,82
SKU0151,BR001,91,46,138,72
SKU0151,BR002,107,49,147,76
SKU0151,BR003,44,44,132,68
SKU0151,BR004,65,39,117,60
SKU0151,BR005,105,44,132,68
SKU0152,BR001,33,40,120,73
SKU0152,BR002,37,36,108,66
SKU0152,BR003,49,46,138,84
SKU0152,BR004,194,40,120,73
SKU0152,BR005,207,41,123,75
SKU0153,BR001,202,32,96,80
SKU0153,BR002,107,34,102,85
SKU0153,BR003,84,30,90,75
SKU0153,BR004,80,25,75,63
SKU0153,BR005,80,36,108,91
SKU0154,BR001,48,17,51,69
SKU0154,BR002,49,17,51,71
SKU0154,BR003,13,18,54,75
SKU0154,BR004,50,20,60,81
SKU0154,BR005,30,18,54,72
SKU0155,BR001,201,15,45,63
SKU0155,BR002,50,19,57,78
SKU0155,BR003,217,18,54,72
SKU0155,BR004,21,20,60,82
SKU0155,BR005,10,17,51,68
SKU0156,BR001,62,42,126,70
SKU0156,BR002,39,46,138,78
SKU0156,BR003,52,39,117,66
SKU0156,BR004,114,52,156,88
SKU0156,BR005,144,52,156,87
SKU0157,BR001,39,30,90,75
SKU0157,BR002,42,33,99,83
SKU0157,BR003,50,32,96,82
SKU0157,BR004,19,26,78,67
SKU0157,BR005,33,31,93,79
SKU0158,BR001,178,61,183,95
SKU0158,BR002,92,44,132,69
SKU0158,BR003,107,46,138,71
SKU0158,BR004,114,45,135,70
SKU0158,BR005,51,52,156,80
SKU0159,BR001,14,6,18,67
SKU0159,BR002,3,7,21,75
SKU0159,BR003,14,7,21,79
SKU0159,BR004,257,8,24,87
SKU0159,BR005,16,8,24,81
SKU0160,BR001,50,30,90,75
SKU0160,BR002,57,32,96,80
SKU0160,BR003,60,32,96,81
SKU0160,BR004,28,24,72,61
SKU0160,BR005,51,24,72,60
SKU0161,BR001,90,35,105,89
SKU0161,BR002,78,33,99,83
SKU0161,BR003,196,32,96,81
SKU0161,BR004,55,25,75,64
SKU0161,BR005,44,32,96,82
SKU0162,BR001,32,11,33,78
SKU0162,BR002,31,14,42,95
SKU0162,BR003,18,11,33,79
SKU0162,BR004,42,13,39,89
SKU0162,BR005,6,12,36,85
SKU0163,BR001,89,30,90,76
SKU0163,BR002,65,36,108,91
SKU0163,BR003,83,29,87,74
SKU0163,BR004,86,32,96,81
SKU0163,BR005,85,34,102,86
SKU0164,BR001,119,40,120,62
SKU0164,BR002,118,48,144,74
SKU0164,BR003,116,57,171,88
SKU0164,BR004,42,44,132,69
SKU0164,BR005,106,48,144,75
SKU0165,BR001,61,26,78,76
SKU0165,BR002,73,34,102,98
SKU0165,BR003,20,20,60,59
SKU0165,BR004,48,23,69,68
SKU0165,BR005,59,26,78,77
SKU0166,BR001,17,23,69,77
SKU0166,BR002,14,21,63,70
SKU0166,BR003,77,25,75,84
SKU0166,BR004,62,23,69,77
SKU0166,BR005,49,24,72,82
SKU0167,BR001,171,28,84,63
SKU0167,BR002,196,31,93,70
SKU0167,BR003,55,31,93,71
SKU0167,BR004,14,19,57,44
SKU0167,BR005,80,28,84,63
SKU0168,BR001,58,48,144,74
SKU0168,BR002,211,49,147,76
SKU0168,BR003,83,48,144,74
SKU0168,BR004,235,55,165,86
SKU0168,BR005,82,44,132,68
SKU0169,BR001,15,7,21,76
SKU0169,BR002,5,9,27,93
SKU0169,BR003,16,9,27,96
SKU0169,BR004,16,8,24,87
SKU0169,BR005,2,8,24,81
SKU0170,BR001,218,28,84,80
SKU0170,BR002,70,22,66,63
SKU0170,BR003,35,18,54,52
SKU0170,BR004,20,23,69,67
SKU0170,BR005,257,30,90,88
SKU0171,BR001,61,25,75,74
SKU0171,BR002,203,25,75,73
SKU0171,BR003,72,23,69,68
SKU0171,BR004,21,24,72,70
SKU0171,BR005,65,28,84,82
SKU0172,BR001,46,47,141,86
SKU0172,BR002,99,42,126,77
SKU0172,BR003,203,38,114,70
SKU0172,BR004,85,42,126,77
SKU0172,BR005,101,38,114,70
SKU0173,BR001,28,13,39,68
SKU0173,BR002,46,15,45,75
SKU0173,BR003,9,17,51,88
SKU0173,BR004,32,16,48,82
SKU0173,BR005,25,12,36,61
SKU0174,BR001,27,33,99,67
SKU0174,BR002,94,36,108,73
SKU0174,BR003,141,47,141,94
SKU0174,BR004,45,36,108,73
SKU0174,BR005,42,42,126,85
SKU0175,BR001,28,29,87,97
SKU0175,BR002,188,22,66,75
SKU0175,BR003,30,21,63,71
SKU0175,BR004,42,22,66,76
SKU0175,BR005,42,22,66,75
SKU0176,BR001,216,28,84,70
SKU0176,BR002,56,29,87,74
SKU0176,BR003,39,32,96,80
SKU0176,BR004,92,35,105,88
SKU0176,BR005,42,30,90,77
SKU0177,BR001,113,36,108,61
SKU0177,BR002,74,39,117,65
SKU0177,BR003,78,40,120,68
SKU0177,BR004,46,46,138,78
SKU0177,BR005,109,39,117,66
SKU0178,BR001,221,41,123,76
SKU0178,BR002,151,34,102,62
SKU0178,BR003,115,40,120,73
SKU0178,BR004,70,49,147,90
SKU0178,BR005,62,35,105,65
SKU0179,BR001,37,11,33,75
SKU0179,BR002,26,9,27,64
SKU0179,BR003,19,10,30,71
SKU0179,BR004,23,11,33,74
SKU0179,BR005,29,12,36,82
SKU0180,BR001,68,41,123,75
SKU0180,BR002,175,34,102,62
SKU0180,BR003,99,45,135,82
SKU0180,BR004,83,41,123,75
SKU0180,BR005,60,42,126,77
SKU0181,BR001,85,42,126,78
SKU0181,BR002,82,43,129,79
SKU0181,BR003,34,41,123,75
SKU0181,BR004,233,42,126,78
SKU0181,BR005,76,48,144,88
SKU0182,BR001,79,37,111,68
SKU0182,BR002,202,42,126,78
SKU0182,BR003,24,31,93,58
SKU0182,BR004,72,41,123,76
SKU0182,BR005,57,42,126,78
SKU0183,BR001,71,35,105,88
SKU0183,BR002,55,28,84,71
SKU0183,BR003,88,31,93,79
SKU0183,BR004,22,30,90,76
SKU0183,BR005,87,30,90,76
SKU0184,BR001,24,7,21,76
SKU0184,BR002,19,7,21,71
SKU0184,BR003,21,7,21,71
SKU0184,BR004,3,7,21,73
SKU0184,BR005,10,5,15,55
SKU0185,BR001,1,6,18,65
SKU0185,BR002,26,9,27,93
SKU0185,BR003,2,8,24,89
SKU0185,BR004,4,8,24,86
SKU0185,BR005,191,7,21,74
SKU0186,BR001,108,45,135,70
SKU0186,BR002,31,41,123,64
SKU0186,BR003,62,47,141,73
SKU0186,BR004,60,55,165,85
SKU0186,BR005,182,49,147,76
SKU0187,BR001,9,7,21,73
SKU0187,BR002,1,6,18,60
SKU0187,BR003,15,7,21,75
SKU0187,BR004,9,7,21,75
SKU0187,BR005,1,7,21,74
SKU0188,BR001,83,44,132,69
SKU0188,BR002,75,41,123,64
SKU0188,BR003,33,43,129,67
SKU0188,BR004,143,58,174,90
SKU0188,BR005,116,52,156,80
SKU0189,BR001,174,34,102,68
SKU0189,BR002,73,27,81,55
SKU0189,BR003,66,40,120,80
SKU0189,BR004,111,40,120,81
SKU0189,BR005,119,38,114,76
SKU0190,BR001,41,29,87,66
SKU0190,BR002,66,36,108,82
SKU0190,BR003,73,32,96,72
SKU0190,BR004,48,31,93,69
SKU0190,BR005,56,35,105,79
SKU0191,BR001,82,35,105,102
SKU0191,BR002,56,25,75,72
SKU0191,BR003,40,28,84,82
SKU0191,BR004,15,21,63,61
SKU0191,BR005,48,26,78,76
SKU0192,BR001,40,32,96,64
SKU0192,BR002,45,37,111,75
SKU0192,BR003,243,43,129,88
SKU0192,BR004,109,41,123,83
SKU0192,BR005,79,40,120,80
SKU0193,BR001,13,6,18,64
SKU0193,BR002,18,8,24,86
SKU0193,BR003,20,8,24,83
SKU0193,BR004,1,8,24,82
SKU0193,BR005,3,7,21,74
SKU0194,BR001,144,55,165,85
SKU0194,BR002,179,62,186,96
SKU0194,BR003,50,52,156,81
SKU0194,BR004,111,45,135,70
SKU0194,BR005,249,54,162,84
SKU0195,BR001,174,35,105,70
SKU0195,BR002,94,38,114,77
SKU0195,BR003,33,40,120,81
SKU0195,BR004,110,35,105,70
SKU0195,BR005,119,39,117,78
SKU0196,BR001,26,14,42,71
SKU0196,BR002,204,15,45,75
SKU0196,BR003,44,14,42,74
SKU0196,BR004,28,15,45,79
SKU0196,BR005,34,16,48,80
SKU0197,BR001,56,28,84,71
SKU0197,BR002,51,29,87,74
SKU0197,BR003,62,28,84,72
SKU0197,BR004,41,26,78,66
SKU0197,BR005,35,30,90,75
SKU0198,BR001,19,14,42,74
SKU0198,BR002,27,20,60,100
SKU0198,BR003,17,14,42,72
SKU0198,BR004,34,15,45,78
SKU0198,BR005,219,15,45,79
SKU0199,BR001,12,6,18,62
SKU0199,BR002,28,9,27,94
SKU0199,BR003,0,8,24,85
SKU0199,BR004,11,7,21,74
SKU0199,BR005,6,7,21,74
SKU0200,BR001,67,39,117,79
SKU0200,BR002,202,41,123,83
SKU0200,BR003,37,30,90,61
SKU0200,BR004,98,39,117,79
SKU0200,BR005,179,32,96,65
SKU0201,BR001,22,7,21,73
SKU0201,BR002,5,5,15,58
SKU0201,BR003,2,7,21,78
SKU0201,BR004,4,6,18,69
SKU0201,BR005,4,6,18,60
SKU0202,BR001,44,28,84,63
SKU0202,BR002,151,26,78,59
SKU0202,BR003,109,42,126,94
SKU0202,BR004,91,31,93,69
SKU0202,BR005,51,33,99,74
SKU0203,BR001,86,40,120,62
SKU0203,BR002,103,52,156,81
SKU0203,BR003,105,50,150,78
SKU0203,BR004,77,50,150,78
SKU0203,BR005,126,45,135,70
SKU0204,BR001,45,40,120,80
SKU0204,BR002,69,41,123,84
SKU0204,BR003,245,41,123,82
SKU0204,BR004,162,32,96,64
SKU0204,BR005,48,41,123,83
SKU0205,BR001,59,22,66,75
SKU0205,BR002,40,18,54,61
SKU0205,BR003,27,23,69,79
SKU0205,BR004,20,18,54,62
SKU0205,BR005,59,26,78,88
SKU0206,BR001,214,28,84,72
SKU0206,BR002,77,25,75,64
SKU0206,BR003,40,30,90,77
SKU0206,BR004,40,29,87,74
SKU0206,BR005,66,32,96,80
SKU0207,BR001,88,39,117,98
SKU0207,BR002,99,33,99,83
SKU0207,BR003,30,30,90,77
SKU0207,BR004,41,32,96,80
SKU0207,BR005,76,26,78,65
SKU0208,BR001,228,11,33,75
SKU0208,BR002,21,8,24,58
SKU0208,BR003,24,10,30,68
SKU0208,BR004,10,9,27,65
SKU0208,BR005,26,10,30,72
SKU0209,BR001,15,11,33,77
SKU0209,BR002,5,11,33,74
SKU0209,BR003,181,9,27,61
SKU0209,BR004,12,7,21,52
SKU0209,BR005,9,12,36,80
SKU0210,BR001,126,43,129,86
SKU0210,BR002,74,41,123,83
SKU0210,BR003,90,32,96,64
SKU0210,BR004,93,36,108,72
SKU0210,BR005,109,35,105,70
SKU0211,BR001,25,23,69,77
SKU0211,BR002,212,24,72,83
SKU0211,BR003,16,24,72,82
SKU0211,BR004,65,21,63,71
SKU0211,BR005,41,18,54,61
SKU0212,BR001,38,37,111,69
SKU0212,BR002,99,34,102,63
SKU0212,BR003,106,44,132,81
SKU0212,BR004,28,35,105,65
SKU0212,BR005,227,44,132,80
SKU0213,BR001,31,11,33,78
SKU0213,BR002,7,12,36,82
SKU0213,BR003,27,10,30,67
SKU0213,BR004,21,9,27,66
SKU0213,BR005,13,12,36,86
SKU0214,BR001,59,20,60,84
SKU0214,BR002,29,20,60,83
SKU0214,BR003,50,18,54,72
SKU0214,BR004,46,22,66,89
SKU0214,BR005,161,12,36,51
SKU0215,BR001,62,43,129,67
SKU0215,BR002,128,43,129,67
SKU0215,BR003,52,39,117,61
SKU0215,BR004,145,50,150,77
SKU0215,BR005,38,45,135,70
SKU0216,BR001,25,8,24,80
SKU0216,BR002,13,6,18,67
SKU0216,BR003,22,8,24,80
SKU0216,BR004,10,6,18,67
SKU0216,BR005,24,7,21,78
SKU0217,BR001,33,15,45,76
SKU0217,BR002,44,17,51,85
SKU0217,BR003,36,16,48,80
SKU0217,BR004,24,14,42,71
SKU0217,BR005,222,15,45,79
SKU0218,BR001,23,11,33,76
SKU0218,BR002,26,10,30,73
SKU0218,BR003,19,12,36,84
SKU0218,BR004,16,10,30,73
SKU0218,BR005,35,10,30,67
SKU0219,BR001,200,24,72,82
SKU0219,BR002,46,21,63,70
SKU0219,BR003,12,19,57,65
SKU0219,BR004,16,15,45,51
SKU0219,BR005,32,22,66,76
SKU0220,BR001,213,30,90,76
SKU0220,BR002,23,32,96,82
SKU0220,BR003,19,26,78,67
SKU0220,BR004,50,37,111,94
SKU0220,BR005,100,33,99,83
SKU0221,BR001,65,32,96,64
SKU0221,BR002,104,37,111,75
SKU0221,BR003,82,38,114,77
SKU0221,BR004,41,33,99,66
SKU0221,BR005,198,36,108,72
SKU0222,BR001,99,34,102,86
SKU0222,BR002,53,27,81,68
SKU0222,BR003,43,33,99,84
SKU0222,BR004,30,31,93,78
SKU0222,BR005,68,32,96,80
SKU0223,BR001,37,39,117,66
SKU0223,BR002,130,47,141,79
SKU0223,BR003,61,60,180,101
SKU0223,BR004,67,36,108,60
SKU0223,BR005,107,41,123,69
SKU0224,BR001,61,34,102,99
SKU0224,BR002,23,28,84,82
SKU0224,BR003,94,30,90,88
SKU0224,BR004,42,26,78,77
SKU0224,BR005,68,24,72,69
SKU0225,BR001,17,12,36,60
SKU0225,BR002,203,16,48,81
SKU0225,BR003,10,15,45,75
SKU0225,BR004,50,15,45,77
SKU0225,BR005,237,16,48,82
SKU0226,BR001,161,16,48,67
SKU0226,BR002,28,15,45,61
SKU0226,BR003,20,19,57,78
SKU0226,BR004,6,16,48,67
SKU0226,BR005,160,16,48,64
SKU0227,BR001,201,31,93,70
SKU0227,BR002,93,40,120,91
SKU0227,BR003,222,39,117,87
SKU0227,BR004,189,34,102,76
SKU0227,BR005,188,29,87,65
SKU0228,BR001,48,17,51,70
SKU0228,BR002,31,17,51,71
SKU0228,BR003,32,20,60,81
SKU0228,BR004,27,16,48,64
SKU0228,BR005,52,16,48,67
SKU0229,BR001,55,18,54,75
SKU0229,BR002,172,17,51,68
SKU0229,BR003,169,14,42,59
SKU0229,BR004,50,23,69,92
SKU0229,BR005,21,25,75,102
SKU0230,BR001,244,25,75,86
SKU0230,BR002,201,21,63,71
SKU0230,BR003,71,25,75,85
SKU0230,BR004,17,21,63,72
SKU0230,BR005,30,21,63,72
SKU0231,BR001,218,36,108,82
SKU0231,BR002,70,39,117,87
SKU0231,BR003,35,34,102,77
SKU0231,BR004,83,43,129,96
SKU0231,BR005,77,27,81,62
SKU0232,BR001,12,15,45,75
SKU0232,BR002,20,16,48,83
SKU0232,BR003,41,16,48,84
SKU0232,BR004,150,12,36,61
SKU0232,BR005,218,16,48,84
SKU0233,BR001,4,13,39,87
SKU0233,BR002,233,11,33,78
SKU0233,BR003,17,12,36,84
SKU0233,BR004,24,12,36,82
SKU0233,BR005,237,13,39,87
SKU0234,BR001,20,22,66,75
SKU0234,BR002,59,19,57,66
SKU0234,BR003,48,27,81,93
SKU0234,BR004,58,21,63,73
SKU0234,BR005,67,21,63,72
SKU0235,BR001,108,46,138,78
SKU0235,BR002,134,43,129,72
SKU0235,BR003,107,43,129,73
SKU0235,BR004,92,43,129,73
SKU0235,BR005,205,45,135,75
SKU0236,BR001,32,35,105,79
SKU0236,BR002,49,27,81,62
SKU0236,BR003,69,31,93,69
SKU0236,BR004,22,32,96,72
SKU0236,BR005,81,32,96,72
SKU0237,BR001,58,21,63,72
SKU0237,BR002,33,23,69,78
SKU0237,BR003,23,24,72,82
SKU0237,BR004,11,19,57,65
SKU0237,BR005,70,27,81,91
SKU0238,BR001,28,21,63,86
SKU0238,BR002,19,17,51,69
SKU0238,BR003,59,20,60,80
SKU0238,BR004,40,21,63,86
SKU0238,BR005,12,16,48,67
SKU0239,BR001,265,36,108,90
SKU0239,BR002,26,30,90,77
SKU0239,BR003,202,28,84,71
SKU0239,BR004,88,30,90,75
SKU0239,BR005,56,30,90,77
SKU0240,BR001,48,22,66,75
SKU0240,BR002,55,22,66,75
SKU0240,BR003,199,21,63,70
SKU0240,BR004,7,17,51,59
SKU0240,BR005,21,23,69,79
SKU0241,BR001,75,36,108,67
SKU0241,BR002,93,41,123,76
SKU0241,BR003,106,36,108,67
SKU0241,BR004,37,41,123,76
SKU0241,BR005,133,46,138,84
SKU0242,BR001,61,19,57,79
SKU0242,BR002,37,17,51,68
SKU0242,BR003,59,19,57,76
SKU0242,BR004,59,20,60,83
SKU0242,BR005,28,18,54,75
SKU0243,BR001,242,52,156,81
SKU0243,BR002,80,40,120,63
SKU0243,BR003,166,54,162,84
SKU0243,BR004,187,47,141,73
SKU0243,BR005,98,44,132,69
SKU0244,BR001,40,24,72,62
SKU0244,BR002,48,30,90,77
SKU0244,BR003,37,26,78,65
SKU0244,BR004,22,29,87,73
SKU0244,BR005,54,33,99,84
SKU0245,BR001,24,18,54,62
SKU0245,BR002,15,22,66,75
SKU0245,BR003,52,20,60,68
SKU0245,BR004,228,23,69,78
SKU0245,BR005,179,21,63,70
SKU0246,BR001,56,45,135,75
SKU0246,BR002,73,37,111,63
SKU0246,BR003,70,51,153,85
SKU0246,BR004,111,42,126,70
SKU0246,BR005,136,45,135,75
SKU0247,BR001,39,40,120,74
SKU0247,BR002,37,43,129,79
SKU0247,BR003,102,40,120,74
SKU0247,BR004,65,42,126,78
SKU0247,BR005,201,35,105,65
SKU0248,BR001,10,10,30,68
SKU0248,BR002,27,10,30,73
SKU0248,BR003,16,11,33,77
SKU0248,BR004,14,9,27,60
SKU0248,BR005,16,12,36,82
SKU0249,BR001,132,48,144,75
SKU0249,BR002,43,52,156,81
SKU0249,BR003,94,52,156,80
SKU0249,BR004,67,44,132,68
SKU0249,BR005,90,45,135,70
SKU0250,BR001,87,36,108,73
SKU0250,BR002,43,36,108,73
SKU0250,BR003,215,37,111,75
SKU0250,BR004,78,39,117,79
SKU0250,BR005,140,45,135,90
SKU0251,BR001,72,37,111,74
SKU0251,BR002,55,41,123,83
SKU0251,BR003,72,41,123,82
SKU0251,BR004,80,41,123,82
SKU0251,BR005,49,38,114,77
SKU0252,BR001,54,40,120,67
SKU0252,BR002,72,41,123,69
SKU0252,BR003,69,44,132,74
SKU0252,BR004,53,42,126,70
SKU0252,BR005,119,40,120,68
SKU0253,BR001,233,53,159,83
SKU0253,BR002,100,40,120,63
SKU0253,BR003,55,48,144,75
SKU0253,BR004,75,49,147,76
SKU0253,BR005,141,48,144,74
SKU0254,BR001,65,48,144,74
SKU0254,BR002,153,55,165,85
SKU0254,BR003,173,45,135,70
SKU0254,BR004,182,61,183,94
SKU0254,BR005,107,49,147,76
SKU0255,BR001,82,48,144,89
SKU0255,BR002,77,39,117,71
SKU0255,BR003,213,42,126,77
SKU0255,BR004,110,42,126,77
SKU0255,BR005,39,48,144,89
SKU0256,BR001,109,54,162,90
SKU0256,BR002,117,45,135,75
SKU0256,BR003,35,36,108,61
SKU0256,BR004,202,42,126,71
SKU0256,BR005,95,46,138,77
SKU0257,BR001,149,53,159,98
SKU0257,BR002,210,42,126,78
SKU0257,BR003,93,34,102,63
SKU0257,BR004,112,39,117,72
SKU0257,BR005,81,38,114,70
SKU0258,BR001,84,44,132,89
SKU0258,BR002,110,41,123,83
SKU0258,BR003,69,49,147,99
SKU0258,BR004,88,39,117,79
SKU0258,BR005,61,42,126,85
SKU0259,BR001,51,21,63,61
SKU0259,BR002,31,30,90,88
SKU0259,BR003,186,23,69,67
SKU0259,BR004,51,22,66,63
SKU0259,BR005,28,25,75,72
SKU0260,BR001,25,7,21,75
SKU0260,BR002,28,8,24,82
SKU0260,BR003,28,8,24,85
SKU0260,BR004,1,7,21,76
SKU0260,BR005,14,7,21,73
SKU0261,BR001,22,20,60,84
SKU0261,BR002,184,17,51,71
SKU0261,BR003,39,16,48,66
SKU0261,BR004,53,17,51,69
SKU0261,BR005,160,15,45,63
SKU0262,BR001,48,41,123,83
SKU0262,BR002,106,35,105,70
SKU0262,BR003,108,35,105,71
SKU0262,BR004,59,33,99,67
SKU0262,BR005,105,40,120,80
SKU0263,BR001,121,42,126,70
SKU0263,BR002,73,46,138,77
SKU0263,BR003,86,46,138,77
SKU0263,BR004,143,48,144,81
SKU0263,BR005,48,31,93,53
SKU0264,BR001,78,34,102,86
SKU0264,BR002,52,28,84,70
SKU0264,BR003,82,36,108,91
SKU0264,BR004,40,38,114,97
SKU0264,BR005,19,26,78,66
SKU0265,BR001,13,6,18,68
SKU0265,BR002,14,8,24,87
SKU0265,BR003,7,7,21,79
SKU0265,BR004,0,7,21,78
SKU0265,BR005,16,6,18,69
SKU0266,BR001,29,35,105,65
SKU0266,BR002,112,43,129,79
SKU0266,BR003,39,48,144,88
SKU0266,BR004,110,40,120,73
SKU0266,BR005,198,43,129,79
SKU0267,BR001,54,32,96,82
SKU0267,BR002,74,32,96,81
SKU0267,BR003,89,34,102,85
SKU0267,BR004,176,28,84,70
SKU0267,BR005,177,28,84,71
SKU0268,BR001,74,28,84,72
SKU0268,BR002,74,32,96,81
SKU0268,BR003,71,26,78,66
SKU0268,BR004,33,28,84,72
SKU0268,BR005,33,28,84,71
SKU0269,BR001,14,14,42,73
SKU0269,BR002,15,12,36,64
SKU0269,BR003,48,17,51,85
SKU0269,BR004,7,10,30,54
SKU0269,BR005,11,18,54,92
SKU0270,BR001,3,8,24,83
SKU0270,BR002,7,7,21,79
SKU0270,BR003,234,8,24,84
SKU0270,BR004,20,8,24,87
SKU0270,BR005,6,6,18,63
SKU0271,BR001,40,17,51,70
SKU0271,BR002,49,16,48,67
SKU0271,BR003,54,18,54,72
SKU0271,BR004,192,17,51,69
SKU0271,BR005,225,18,54,74
SKU0272,BR001,52,17,51,69
SKU0272,BR002,204,18,54,74
SKU0272,BR003,50,19,57,76
SKU0272,BR004,199,16,48,67
SKU0272,BR005,26,20,60,82
SKU0273,BR001,22,7,21,72
SKU0273,BR002,25,7,21,75
SKU0273,BR003,6,8,24,80
SKU0273,BR004,25,7,21,78
SKU0273,BR005,4,7,21,72
SKU0274,BR001,82,29,87,83
SKU0274,BR002,30,21,63,60
SKU0274,BR003,55,19,57,57
SKU0274,BR004,63,29,87,83
SKU0274,BR005,99,33,99,95
SKU0275,BR001,139,58,174,90
SKU0275,BR002,129,32,96,50
SKU0275,BR003,111,50,150,78
SKU0275,BR004,175,61,183,94
SKU0275,BR005,117,40,120,63
SKU0276,BR001,25,10,30,54
SKU0276,BR002,2,11,33,57
SKU0276,BR003,145,11,33,58
SKU0276,BR004,15,15,45,75
SKU0276,BR005,42,18,54,93
SKU0277,BR001,186,23,69,77
SKU0277,BR002,31,19,57,66
SKU0277,BR003,41,21,63,71
SKU0277,BR004,44,21,63,72
SKU0277,BR005,38,25,75,86
SKU0278,BR001,51,28,84,57
SKU0278,BR002,44,33,99,67
SKU0278,BR003,74,35,105,70
SKU0278,BR004,73,44,132,89
SKU0278,BR005,69,35,105,70
SKU0279,BR001,51,21,63,85
SKU0279,BR002,188,14,42,59
SKU0279,BR003,66,21,63,86
SKU0279,BR004,48,20,60,84
SKU0279,BR005,16,14,42,58
SKU0280,BR001,256,46,138,93
SKU0280,BR002,83,44,132,89
SKU0280,BR003,87,32,96,64
SKU0280,BR004,77,39,117,78
SKU0280,BR005,64,35,105,71
SKU0281,BR001,68,31,93,78
SKU0281,BR002,69,30,90,77
SKU0281,BR003,179,27,81,68
SKU0281,BR004,65,32,96,80
SKU0281,BR005,226,31,93,79
SKU0282,BR001,63,40,120,74
SKU0282,BR002,95,38,114,70
SKU0282,BR003,179,38,114,70
SKU0282,BR004,106,48,144,89
SKU0282,BR005,31,34,102,63
SKU0283,BR001,7,7,21,70
SKU0283,BR002,3,7,21,76
SKU0283,BR003,1,8,24,80
SKU0283,BR004,14,6,18,68
SKU0283,BR005,14,7,21,77
SKU0284,BR001,36,27,81,93
SKU0284,BR002,15,19,57,66
SKU0284,BR003,44,21,63,72
SKU0284,BR004,23,24,72,80
SKU0284,BR005,44,18,54,62
SKU0285,BR001,31,21,63,70
SKU0285,BR002,219,23,69,78
SKU0285,BR003,53,23,69,79
SKU0285,BR004,193,22,66,74
SKU0285,BR005,206,19,57,65
SKU0286,BR001,36,22,66,75
SKU0286,BR002,243,25,75,85
SKU0286,BR003,21,19,57,65
SKU0286,BR004,19,27,81,93
SKU0286,BR005,69,22,66,74
SKU0287,BR001,170,13,39,68
SKU0287,BR002,15,13,39,68
SKU0287,BR003,27,15,45,78
SKU0287,BR004,3,10,30,53
SKU0287,BR005,38,14,42,71
SKU0288,BR001,74,44,132,80
SKU0288,BR002,58,37,111,68
SKU0288,BR003,186,39,117,72
SKU0288,BR004,122,42,126,78
SKU0288,BR005,109,39,117,72
SKU0289,BR001,80,25,75,63
SKU0289,BR002,48,30,90,76
SKU0289,BR003,96,35,105,88
SKU0289,BR004,209,31,93,79
SKU0289,BR005,44,28,84,71
SKU0290,BR001,36,33,99,67
SKU0290,BR002,42,32,96,64
SKU0290,BR003,63,37,111,74
SKU0290,BR004,55,43,129,86
SKU0290,BR005,45,35,105,70
SKU0291,BR001,31,41,123,83
SKU0291,BR002,39,32,96,65
SKU0291,BR003,22,32,96,64
SKU0291,BR004,39,30,90,61
SKU0291,BR005,38,43,129,86
SKU0292,BR001,63,46,138,72
SKU0292,BR002,85,50,150,78
SKU0292,BR003,168,62,186,96
SKU0292,BR004,97,40,120,63
SKU0292,BR005,82,50,150,77
SKU0293,BR001,2,6,18,63
SKU0293,BR002,14,8,24,89
SKU0293,BR003,8,7,21,76
SKU0293,BR004,22,7,21,78
SKU0293,BR005,4,7,21,79
SKU0294,BR001,38,23,69,77
SKU0294,BR002,14,17,51,58
SKU0294,BR003,65,21,63,71
SKU0294,BR004,55,24,72,81
SKU0294,BR005,35,24,72,81
SKU0295,BR001,50,28,84,80
SKU0295,BR002,110,35,105,102
SKU0295,BR003,45,28,84,81
SKU0295,BR004,44,28,84,80
SKU0295,BR005,47,28,84,82
SKU0296,BR001,142,50,150,84
SKU0296,BR002,114,51,153,85
SKU0296,BR003,197,49,147,82
SKU0296,BR004,65,46,138,78
SKU0296,BR005,96,48,144,80
SKU0297,BR001,207,23,69,77
SKU0297,BR002,57,20,60,69
SKU0297,BR003,75,24,72,81
SKU0297,BR004,245,27,81,90
SKU0297,BR005,79,26,78,88
SKU0298,BR001,25,29,87,73
SKU0298,BR002,85,28,84,70
SKU0298,BR003,33,32,96,80
SKU0298,BR004,34,30,90,77
SKU0298,BR005,80,28,84,71
SKU0299,BR001,54,40,120,81
SKU0299,BR002,80,39,117,78
SKU0299,BR003,90,39,117,79
SKU0299,BR004,49,49,147,98
SKU0299,BR005,93,33,99,66
SKU0300,BR001,0,6,18,64
SKU0300,BR002,8,8,24,83
SKU0300,BR003,3,7,21,75
SKU0300,BR004,15,7,21,79
SKU0300,BR005,16,8,24,81
SKU0301,BR001,84,44,132,69
SKU0301,BR002,90,60,180,93
SKU0301,BR003,91,57,171,88
SKU0301,BR004,41,44,132,68
SKU0301,BR005,201,54,162,84
SKU0302,BR001,144,51,153,93
SKU0302,BR002,125,41,123,75
SKU0302,BR003,118,42,126,78
SKU0302,BR004,104,44,132,81
SKU0302,BR005,62,44,132,80
SKU0303,BR001,45,17,51,88
SKU0303,BR002,21,17,51,88
SKU0303,BR003,17,15,45,75
SKU0303,BR004,38,14,42,70
SKU0303,BR005,21,14,42,71
SKU0304,BR001,63,28,84,80
SKU0304,BR002,25,26,78,76
SKU0304,BR003,33,23,69,68
SKU0304,BR004,35,29,87,83
SKU0304,BR005,57,23,69,66
SKU0305,BR001,30,22,66,74
SKU0305,BR002,30,19,57,66
SKU0305,BR003,68,22,66,74
SKU0305,BR004,72,27,81,90
SKU0305,BR005,30,21,63,71
SKU0306,BR001,11,12,36,63
SKU0306,BR002,36,16,48,80
SKU0306,BR003,45,16,48,81
SKU0306,BR004,35,12,36,63
SKU0306,BR005,44,14,42,70
SKU0307,BR001,35,10,30,73
SKU0307,BR002,11,10,30,70
SKU0307,BR003,162,9,27,64
SKU0307,BR004,27,11,33,75
SKU0307,BR005,10,11,33,76
SKU0308,BR001,211,44,132,68
SKU0308,BR002,57,55,165,86
SKU0308,BR003,38,42,126,66
SKU0308,BR004,37,40,120,63
SKU0308,BR005,132,55,165,86
SKU0309,BR001,48,46,138,72
SKU0309,BR002,47,44,132,68
SKU0309,BR003,166,54,162,84
SKU0309,BR004,85,60,180,93
SKU0309,BR005,42,41,123,64
SKU0310,BR001,11,18,54,60
SKU0310,BR002,186,17,51,58
SKU0310,BR003,30,23,69,77
SKU0310,BR004,201,23,69,79
SKU0310,BR005,41,17,51,58
SKU0311,BR001,96,49,147,76
SKU0311,BR002,48,57,171,89
SKU0311,BR003,80,53,159,82
SKU0311,BR004,218,48,144,75
SKU0311,BR005,127,44,132,69
SKU0312,BR001,15,6,18,65
SKU0312,BR002,15,9,27,94
SKU0312,BR003,7,7,21,74
SKU0312,BR004,2,6,18,69
SKU0312,BR005,11,8,24,80
SKU0313,BR001,89,45,135,76
SKU0313,BR002,76,47,141,79
SKU0313,BR003,61,43,129,73
SKU0313,BR004,67,35,105,59
SKU0313,BR005,29,36,108,61
SKU0314,BR001,229,42,126,94
SKU0314,BR002,84,33,99,75
SKU0314,BR003,29,25,75,57
SKU0314,BR004,51,26,78,59
SKU0314,BR005,58,31,93,69
SKU0315,BR001,28,29,87,74
SKU0315,BR002,56,26,78,67
SKU0315,BR003,72,29,87,73
SKU0315,BR004,59,28,84,70
SKU0315,BR005,219,30,90,75
SKU0316,BR001,83,26,78,77
SKU0316,BR002,29,23,69,67
SKU0316,BR003,59,26,78,76
SKU0316,BR004,71,35,105,101
SKU0316,BR005,105,35,105,100
SKU0317,BR001,46,41,123,69
SKU0317,BR002,65,49,147,83
SKU0317,BR003,72,39,117,65
SKU0317,BR004,103,51,153,85
SKU0317,BR005,96,48,144,80
SKU0318,BR001,65,20,60,67
SKU0318,BR002,185,18,54,61
SKU0318,BR003,58,20,60,68
SKU0318,BR004,58,20,60,68
SKU0318,BR005,51,20,60,67
SKU0319,BR001,22,27,81,92
SKU0319,BR002,44,20,60,67
SKU0319,BR003,57,18,54,63
SKU0319,BR004,13,23,69,79
SKU0319,BR005,69,22,66,76
SKU0320,BR001,86,28,84,63
SKU0320,BR002,108,45,135,102
SKU0320,BR003,49,34,102,77
SKU0320,BR004,53,27,81,61
SKU0320,BR005,50,34,102,76
SKU0321,BR001,152,61,183,102
SKU0321,BR002,126,49,147,83
SKU0321,BR003,139,47,141,79
SKU0321,BR004,86,45,135,75
SKU0321,BR005,118,56,168,94
SKU0322,BR001,39,35,105,88
SKU0322,BR002,92,31,93,79
SKU0322,BR003,58,37,111,93
SKU0322,BR004,78,29,87,73
SKU0322,BR005,71,32,96,82
SKU0323,BR001,101,36,108,80
SKU0323,BR002,32,41,123,93
SKU0323,BR003,82,28,84,64
SKU0323,BR004,26,35,105,79
SKU0323,BR005,99,33,99,74
SKU0324,BR001,9,18,54,73
SKU0324,BR002,209,20,60,81
SKU0324,BR003,41,17,51,68
SKU0324,BR004,16,18,54,73
SKU0324,BR005,54,21,63,85
SKU0325,BR001,87,29,87,85
SKU0325,BR002,44,23,69,66
SKU0325,BR003,34,26,78,75
SKU0325,BR004,63,26,78,77
SKU0325,BR005,29,24,72,69
SKU0326,BR001,7,8,24,82
SKU0326,BR002,10,7,21,72
SKU0326,BR003,23,6,18,68
SKU0326,BR004,23,6,18,66
SKU0326,BR005,208,7,21,73
SKU0327,BR001,189,27,81,69
SKU0327,BR002,17,26,78,67
SKU0327,BR003,48,34,102,86
SKU0327,BR004,207,29,87,74
SKU0327,BR005,95,32,96,82
SKU0328,BR001,61,37,111,62
SKU0328,BR002,53,43,129,72
SKU0328,BR003,194,45,135,76
SKU0328,BR004,36,43,129,72
SKU0328,BR005,91,37,111,62
SKU0329,BR001,240,30,90,88
SKU0329,BR002,64,23,69,67
SKU0329,BR003,16,24,72,70
SKU0329,BR004,48,22,66,63
SKU0329,BR005,78,25,75,73
SKU0330,BR001,53,27,81,69
SKU0330,BR002,59,26,78,67
SKU0330,BR003,27,34,102,85
SKU0330,BR004,89,31,93,78
SKU0330,BR005,58,33,99,84
SKU0331,BR001,20,8,24,86
SKU0331,BR002,26,7,21,79
SKU0331,BR003,8,7,21,73
SKU0331,BR004,228,7,21,77
SKU0331,BR005,11,7,21,75
SKU0332,BR001,23,13,39,69
SKU0332,BR002,16,15,45,77
SKU0332,BR003,47,14,42,71
SKU0332,BR004,22,14,42,73
SKU0332,BR005,274,19,57,98
SKU0333,BR001,82,41,123,75
SKU0333,BR002,99,47,141,86
SKU0333,BR003,56,46,138,84
SKU0333,BR004,85,38,114,70
SKU0333,BR005,217,39,117,71
SKU0334,BR001,75,28,84,57
SKU0334,BR002,95,36,108,72
SKU0334,BR003,83,43,129,86
SKU0334,BR004,113,38,114,76
SKU0334,BR005,80,29,87,59
SKU0335,BR001,57,41,123,76
SKU0335,BR002,83,45,135,83
SKU0335,BR003,200,44,132,80
SKU0335,BR004,98,38,114,70
SKU0335,BR005,100,51,153,94
SKU0336,BR001,63,38,114,70
SKU0336,BR002,96,52,156,95
SKU0336,BR003,66,40,120,73
SKU0336,BR004,119,48,144,88
SKU0336,BR005,206,41,123,75
SKU0337,BR001,128,41,123,76
SKU0337,BR002,59,47,141,87
SKU0337,BR003,165,28,84,51
SKU0337,BR004,98,37,111,69
SKU0337,BR005,84,36,108,67
SKU0338,BR001,20,10,30,71
SKU0338,BR002,8,10,30,73
SKU0338,BR003,28,13,39,91
SKU0338,BR004,3,11,33,76
SKU0338,BR005,220,12,36,83
SKU0339,BR001,40,46,138,85
SKU0339,BR002,199,44,132,81
SKU0339,BR003,118,44,132,80
SKU0339,BR004,89,37,111,68
SKU0339,BR005,109,43,129,79
SKU0340,BR001,151,49,147,82
SKU0340,BR002,60,44,132,74
SKU0340,BR003,47,46,138,78
SKU0340,BR004,54,35,105,59
SKU0340,BR005,95,43,129,73
SKU0341,BR001,222,7,21,72
SKU0341,BR002,32,9,27,94
SKU0341,BR003,25,7,21,74
SKU0341,BR004,203,7,21,74
SKU0341,BR005,21,8,24,83
SKU0342,BR001,7,14,42,73
SKU0342,BR002,40,13,39,65
SKU0342,BR003,252,17,51,86
SKU0342,BR004,234,16,48,83
SKU0342,BR005,30,13,39,66
SKU0343,BR001,55,47,141,73
SKU0343,BR002,57,48,144,74
SKU0343,BR003,92,50,150,77
SKU0343,BR004,149,59,177,91
SKU0343,BR005,43,52,156,80
SKU0344,BR001,37,26,78,77
SKU0344,BR002,54,25,75,74
SKU0344,BR003,33,29,87,83
SKU0344,BR004,31,26,78,76
SKU0344,BR005,43,29,87,83
SKU0345,BR001,97,36,108,66
SKU0345,BR002,68,28,84,52
SKU0345,BR003,48,40,120,73
SKU0345,BR004,202,41,123,76
SKU0345,BR005,36,37,111,69
SKU0346,BR001,24,20,60,82
SKU0346,BR002,52,17,51,70
SKU0346,BR003,222,20,60,80
SKU0346,BR004,57,21,63,86
SKU0346,BR005,6,15,45,60
SKU0347,BR001,174,42,126,70
SKU0347,BR002,146,52,156,88
SKU0347,BR003,79,41,123,69
SKU0347,BR004,172,42,126,70
SKU0347,BR005,29,39,117,66
SKU0348,BR001,13,19,57,78
SKU0348,BR002,227,20,60,81
SKU0348,BR003,5,13,39,55
SKU0348,BR004,59,19,57,77
SKU0348,BR005,32,23,69,94
SKU0349,BR001,92,33,99,67
SKU0349,BR002,48,42,126,85
SKU0349,BR003,69,41,123,82
SKU0349,BR004,53,41,123,83
SKU0349,BR005,64,41,123,84
SKU0350,BR001,31,26,78,65
SKU0350,BR002,210,30,90,77
SKU0350,BR003,88,36,108,91
SKU0350,BR004,210,29,87,74
SKU0350,BR005,54,27,81,69
SKU0351,BR001,45,27,81,78
SKU0351,BR002,86,27,81,78
SKU0351,BR003,40,25,75,72
SKU0351,BR004,76,31,93,89
SKU0351,BR005,42,27,81,79
SKU0352,BR001,53,37,111,63
SKU0352,BR002,210,48,144,80
SKU0352,BR003,94,51,153,86
SKU0352,BR004,97,43,129,73
SKU0352,BR005,43,48,144,80
SKU0353,BR001,17,8,24,84
SKU0353,BR002,18,8,24,85
SKU0353,BR003,176,6,18,65
SKU0353,BR004,28,8,24,87
SKU0353,BR005,8,7,21,70
SKU0354,BR001,64,42,126,77
SKU0354,BR002,81,33,99,60
SKU0354,BR003,104,44,132,81
SKU0354,BR004,78,40,120,73
SKU0354,BR005,103,40,120,73
SKU0355,BR001,56,28,84,64
SKU0355,BR002,94,31,93,71
SKU0355,BR003,29,34,102,76
SKU0355,BR004,28,33,99,74
SKU0355,BR005,32,38,114,85
SKU0356,BR001,12,11,33,78
SKU0356,BR002,18,10,30,73
SKU0356,BR003,171,10,30,67
SKU0356,BR004,29,11,33,76
SKU0356,BR005,192,9,27,64
SKU0357,BR001,25,16,48,64
SKU0357,BR002,185,16,48,67
SKU0357,BR003,43,15,45,62
SKU0357,BR004,11,17,51,68
SKU0357,BR005,158,16,48,66
SKU0358,BR001,59,31,93,69
SKU0358,BR002,25,31,93,70
SKU0358,BR003,39,35,105,78
SKU0358,BR004,221,39,117,88
SKU0358,BR005,58,32,96,72
SKU0359,BR001,82,43,129,72
SKU0359,BR002,109,49,147,82
SKU0359,BR003,160,32,96,54
SKU0359,BR004,102,39,117,66
SKU0359,BR005,107,49,147,82
SKU0360,BR001,93,34,102,58
SKU0360,BR002,69,43,129,72
SKU0360,BR003,94,41,123,69
SKU0360,BR004,200,42,126,71
SKU0360,BR005,44,48,144,80
SKU0361,BR001,78,34,102,76
SKU0361,BR002,203,33,99,74
SKU0361,BR003,74,26,78,59
SKU0361,BR004,21,30,90,68
SKU0361,BR005,90,33,99,74
SKU0362,BR001,28,27,81,91
SKU0362,BR002,37,22,66,76
SKU0362,BR003,14,20,60,68
SKU0362,BR004,35,23,69,78
SKU0362,BR005,52,22,66,74
SKU0363,BR001,190,41,123,64
SKU0363,BR002,101,48,144,75
SKU0363,BR003,67,42,126,66
SKU0363,BR004,121,52,156,80
SKU0363,BR005,120,39,117,61
SKU0364,BR001,213,49,147,76
SKU0364,BR002,199,50,150,77
SKU0364,BR003,212,49,147,76
SKU0364,BR004,83,50,150,77
SKU0364,BR005,136,46,138,71
SKU0365,BR001,13,11,33,57
SKU0365,BR002,249,16,48,83
SKU0365,BR003,36,14,42,72
SKU0365,BR004,49,17,51,88
SKU0365,BR005,18,11,33,57
SKU0366,BR001,105,38,114,77
SKU0366,BR002,103,42,126,85
SKU0366,BR003,39,38,114,77
SKU0366,BR004,111,38,114,77
SKU0366,BR005,55,41,123,83
SKU0367,BR001,75,42,126,65
SKU0367,BR002,102,44,132,69
SKU0367,BR003,89,50,150,78
SKU0367,BR004,135,50,150,78
SKU0367,BR005,115,41,123,64
SKU0368,BR001,93,30,90,75
SKU0368,BR002,44,33,99,84
SKU0368,BR003,217,30,90,76
SKU0368,BR004,68,25,75,64
SKU0368,BR005,36,27,81,69
SKU0369,BR001,30,11,33,79
SKU0369,BR002,7,11,33,76
SKU0369,BR003,15,9,27,65
SKU0369,BR004,15,11,33,78
SKU0369,BR005,31,9,27,66
SKU0370,BR001,9,8,24,89
SKU0370,BR002,11,7,21,75
SKU0370,BR003,185,7,21,74
SKU0370,BR004,23,6,18,63
SKU0370,BR005,19,7,21,75
SKU0371,BR001,36,11,33,75
SKU0371,BR002,8,12,36,83
SKU0371,BR003,37,12,36,82
SKU0371,BR004,41,12,36,80
SKU0371,BR005,24,9,27,66
SKU0372,BR001,26,31,93,57
SKU0372,BR002,229,46,138,85
SKU0372,BR003,92,46,138,85
SKU0372,BR004,220,39,117,71
SKU0372,BR005,113,42,126,77
SKU0373,BR001,133,43,129,67
SKU0373,BR002,50,42,126,65
SKU0373,BR003,55,35,105,54
SKU0373,BR004,124,41,123,64
SKU0373,BR005,71,43,129,67
SKU0374,BR001,105,41,123,76
SKU0374,BR002,137,47,141,87
SKU0374,BR003,44,44,132,80
SKU0374,BR004,63,32,96,59
SKU0374,BR005,192,39,117,71
SKU0375,BR001,5,9,27,60
SKU0375,BR002,44,14,42,95
SKU0375,BR003,32,12,36,83
SKU0375,BR004,30,9,27,66
SKU0375,BR005,1,11,33,78
SKU0376,BR001,31,39,117,61
SKU0376,BR002,88,53,159,83
SKU0376,BR003,134,48,144,75
SKU0376,BR004,105,48,144,74
SKU0376,BR005,62,50,150,78
SKU0377,BR001,28,16,48,82
SKU0377,BR002,29,15,45,77
SKU0377,BR003,36,14,42,74
SKU0377,BR004,51,17,51,85
SKU0377,BR005,177,14,42,72
SKU0378,BR001,21,7,21,70
SKU0378,BR002,12,8,24,87
SKU0378,BR003,8,6,18,64
SKU0378,BR004,20,7,21,70
SKU0378,BR005,2,7,21,73
SKU0379,BR001,33,18,54,94
SKU0379,BR002,19,16,48,82
SKU0379,BR003,28,16,48,80
SKU0379,BR004,172,14,42,72
SKU0379,BR005,41,13,39,67
SKU0380,BR001,58,46,138,92
SKU0380,BR002,72,38,114,77
SKU0380,BR003,62,35,105,70
SKU0380,BR004,65,35,105,71
SKU0380,BR005,53,39,117,78
SKU0381,BR001,231,8,24,82
SKU0381,BR002,179,6,18,65
SKU0381,BR003,0,7,21,70
SKU0381,BR004,5,6,18,69
SKU0381,BR005,242,8,24,85
SKU0382,BR001,14,15,45,100
SKU0382,BR002,18,11,33,78
SKU0382,BR003,23,10,30,69
SKU0382,BR004,233,12,36,86
SKU0382,BR005,24,11,33,74
SKU0383,BR001,61,31,93,71
SKU0383,BR002,88,34,102,76
SKU0383,BR003,25,34,102,77
SKU0383,BR004,54,42,126,94
SKU0383,BR005,80,37,111,84
SKU0384,BR001,61,40,120,62
SKU0384,BR002,61,37,111,58
SKU0384,BR003,50,50,150,77
SKU0384,BR004,84,48,144,75
SKU0384,BR005,73,53,159,83
SKU0385,BR001,35,27,81,61
SKU0385,BR002,75,36,108,82
SKU0385,BR003,85,33,99,74
SKU0385,BR004,99,36,108,81
SKU0385,BR005,46,42,126,95
SKU0386,BR001,78,27,81,60
SKU0386,BR002,80,28,84,64
SKU0386,BR003,109,36,108,80
SKU0386,BR004,59,39,117,87
SKU0386,BR005,36,33,99,75
SKU0387,BR001,30,14,42,74
SKU0387,BR002,40,16,48,81
SKU0387,BR003,40,12,36,63
SKU0387,BR004,30,12,36,60
SKU0387,BR005,48,15,45,78
SKU0388,BR001,200,31,93,71
SKU0388,BR002,77,30,90,67
SKU0388,BR003,82,32,96,73
SKU0388,BR004,59,26,78,59
SKU0388,BR005,35,32,96,73
SKU0389,BR001,117,39,117,61
SKU0389,BR002,72,55,165,86
SKU0389,BR003,127,42,126,66
SKU0389,BR004,93,46,138,72
SKU0389,BR005,114,49,147,76
SKU0390,BR001,81,35,105,88
SKU0390,BR002,49,33,99,84
SKU0390,BR003,61,23,69,58
SKU0390,BR004,69,34,102,87
SKU0390,BR005,34,31,93,79
SKU0391,BR001,6,10,30,71
SKU0391,BR002,8,13,39,90
SKU0391,BR003,16,12,36,86
SKU0391,BR004,7,10,30,68
SKU0391,BR005,34,11,33,77
SKU0392,BR001,43,18,54,61
SKU0392,BR002,43,24,72,81
SKU0392,BR003,40,22,66,74
SKU0392,BR004,24,24,72,83
SKU0392,BR005,38,19,57,64
SKU0393,BR001,94,35,105,88
SKU0393,BR002,43,32,96,82
SKU0393,BR003,247,33,99,83
SKU0393,BR004,44,37,111,94
SKU0393,BR005,51,34,102,85
SKU0394,BR001,112,37,111,68
SKU0394,BR002,99,33,99,60
SKU0394,BR003,137,47,141,87
SKU0394,BR004,63,46,138,85
SKU0394,BR005,55,43,129,79
SKU0395,BR001,34,31,93,70
SKU0395,BR002,69,31,93,71
SKU0395,BR003,52,23,69,52
SKU0395,BR004,63,31,93,70
SKU0395,BR005,47,31,93,70
SKU0396,BR001,27,36,108,72
SKU0396,BR002,47,35,105,70
SKU0396,BR003,93,32,96,64
SKU0396,BR004,95,38,114,77
SKU0396,BR005,64,34,102,69
SKU0397,BR001,31,27,81,69
SKU0397,BR002,13,23,69,59
SKU0397,BR003,16,25,75,63
SKU0397,BR004,192,28,84,70
SKU0397,BR005,62,29,87,74
SKU0398,BR001,119,50,150,91
SKU0398,BR002,40,34,102,62
SKU0398,BR003,127,44,132,80
SKU0398,BR004,108,37,111,69
SKU0398,BR005,177,39,117,72
SKU0399,BR001,65,22,66,64
SKU0399,BR002,74,30,90,88
SKU0399,BR003,44,28,84,81
SKU0399,BR004,191,24,72,71
SKU0399,BR005,31,30,90,87
SKU0400,BR001,121,40,120,68
SKU0400,BR002,35,42,126,70
SKU0400,BR003,84,56,168,94
SKU0400,BR004,118,46,138,78
SKU0400,BR005,69,53,159,89
SKU0401,BR001,31,26,78,75
SKU0401,BR002,50,26,78,76
SKU0401,BR003,45,26,78,76
SKU0401,BR004,19,24,72,70
SKU0401,BR005,56,25,75,72
SKU0402,BR001,27,30,90,86
SKU0402,BR002,16,24,72,71
SKU0402,BR003,256,30,90,88
SKU0402,BR004,52,20,60,59
SKU0402,BR005,27,25,75,74
SKU0403,BR001,211,46,138,84
SKU0403,BR002,70,30,90,56
SKU0403,BR003,48,38,114,70
SKU0403,BR004,34,44,132,80
SKU0403,BR005,107,43,129,79
SKU0404,BR001,47,16,48,83
SKU0404,BR002,55,17,51,89
SKU0404,BR003,7,15,45,77
SKU0404,BR004,37,18,54,91
SKU0404,BR005,24,13,39,69
SKU0405,BR001,33,15,45,75
SKU0405,BR002,28,12,36,62
SKU0405,BR003,14,11,33,56
SKU0405,BR004,48,15,45,79
SKU0405,BR005,257,18,54,92
SKU0406,BR001,34,15,45,53
SKU0406,BR002,67,27,81,92
SKU0406,BR003,23,22,66,74
SKU0406,BR004,18,23,69,78
SKU0406,BR005,61,22,66,74
SKU0407,BR001,77,33,99,74
SKU0407,BR002,58,37,111,83
SKU0407,BR003,85,34,102,77
SKU0407,BR004,35,37,111,83
SKU0407,BR005,77,31,93,70
SKU0408,BR001,72,39,117,61
SKU0408,BR002,126,53,159,82
SKU0408,BR003,53,48,144,75
SKU0408,BR004,157,41,123,64
SKU0408,BR005,104,55,165,86
SKU0409,BR001,225,46,138,77
SKU0409,BR002,111,36,108,61
SKU0409,BR003,128,45,135,75
SKU0409,BR004,127,44,132,74
SKU0409,BR005,70,48,144,81
SKU0410,BR001,73,41,123,82
SKU0410,BR002,79,40,120,80
SKU0410,BR003,37,36,108,73
SKU0410,BR004,40,40,120,81
SKU0410,BR005,27,33,99,67
SKU0411,BR001,49,38,114,77
SKU0411,BR002,48,32,96,65
SKU0411,BR003,31,34,102,69
SKU0411,BR004,43,41,123,84
SKU0411,BR005,117,42,126,85
SKU0412,BR001,203,11,33,77
SKU0412,BR002,14,9,27,66
SKU0412,BR003,3,11,33,75
SKU0412,BR004,14,13,39,93
SKU0412,BR005,9,12,36,82
SKU0413,BR001,9,7,21,78
SKU0413,BR002,185,7,21,73
SKU0413,BR003,9,6,18,66
SKU0413,BR004,20,7,21,72
SKU0413,BR005,27,8,24,86
SKU0414,BR001,49,47,141,73
SKU0414,BR002,84,49,147,76
SKU0414,BR003,39,46,138,71
SKU0414,BR004,73,46,138,71
SKU0414,BR005,239,52,156,80
SKU0415,BR001,95,39,117,66
SKU0415,BR002,142,51,153,86
SKU0415,BR003,170,38,114,64
SKU0415,BR004,79,34,102,58
SKU0415,BR005,188,42,126,70
SKU0416,BR001,25,13,39,66
SKU0416,BR002,45,15,45,76
SKU0416,BR003,20,19,57,95
SKU0416,BR004,244,17,51,87
SKU0416,BR005,27,17,51,85
SKU0417,BR001,43,13,39,88
SKU0417,BR002,34,13,39,87
SKU0417,BR003,35,10,30,67
SKU0417,BR004,28,9,27,65
SKU0417,BR005,29,12,36,84
SKU0418,BR001,223,52,156,80
SKU0418,BR002,99,58,174,90
SKU0418,BR003,130,53,159,83
SKU0418,BR004,185,44,132,68
SKU0418,BR005,30,36,108,56
SKU0419,BR001,17,24,72,80
SKU0419,BR002,33,23,69,78
SKU0419,BR003,32,18,54,60
SKU0419,BR004,16,24,72,81
SKU0419,BR005,43,25,75,84
SKU0420,BR001,55,18,54,62
SKU0420,BR002,11,20,60,67
SKU0420,BR003,54,21,63,72
SKU0420,BR004,182,17,51,57
SKU0420,BR005,87,28,84,96
SKU0421,BR001,119,61,183,94
SKU0421,BR002,129,53,159,82
SKU0421,BR003,98,48,144,75
SKU0421,BR004,126,50,150,77
SKU0421,BR005,68,43,129,67
SKU0422,BR001,54,18,54,74
SKU0422,BR002,10,18,54,74
SKU0422,BR003,6,16,48,67
SKU0422,BR004,23,20,60,81
SKU0422,BR005,45,17,51,70
SKU0423,BR001,58,18,54,92
SKU0423,BR002,6,14,42,73
SKU0423,BR003,40,17,51,85
SKU0423,BR004,192,15,45,78
SKU0423,BR005,24,12,36,64
SKU0424,BR001,53,21,63,61
SKU0424,BR002,70,22,66,64
SKU0424,BR003,68,25,75,73
SKU0424,BR004,60,28,84,82
SKU0424,BR005,37,22,66,65
SKU0425,BR001,55,41,123,82
SKU0425,BR002,98,41,123,82
SKU0425,BR003,105,40,120,80
SKU0425,BR004,84,41,123,82
SKU0425,BR005,90,38,114,76
SKU0426,BR001,93,38,114,86
SKU0426,BR002,122,40,120,90
SKU0426,BR003,30,34,102,77
SKU0426,BR004,198,35,105,78
SKU0426,BR005,69,38,114,85
SKU0427,BR001,105,42,126,85
SKU0427,BR002,74,37,111,74
SKU0427,BR003,60,36,108,73
SKU0427,BR004,83,43,129,87
SKU0427,BR005,86,37,111,75
SKU0428,BR001,21,20,60,68
SKU0428,BR002,190,23,69,78
SKU0428,BR003,17,21,63,70
SKU0428,BR004,191,23,69,77
SKU0428,BR005,43,22,66,76
SKU0429,BR001,145,51,153,94
SKU0429,BR002,48,33,99,61
SKU0429,BR003,74,42,126,77
SKU0429,BR004,199,38,114,70
SKU0429,BR005,72,36,108,66
SKU0430,BR001,45,23,69,68
SKU0430,BR002,208,23,69,67
SKU0430,BR003,25,28,84,80
SKU0430,BR004,20,25,75,72
SKU0430,BR005,187,25,75,72
SKU0431,BR001,215,14,42,74
SKU0431,BR002,20,15,45,77
SKU0431,BR003,18,14,42,72
SKU0431,BR004,264,18,54,91
SKU0431,BR005,6,14,42,72
SKU0432,BR001,214,7,21,76
SKU0432,BR002,17,6,18,68
SKU0432,BR003,18,8,24,88
SKU0432,BR004,0,7,21,79
SKU0432,BR005,16,6,18,60
SKU0433,BR001,24,7,21,75
SKU0433,BR002,183,7,21,75
SKU0433,BR003,0,7,21,74
SKU0433,BR004,14,5,15,59
SKU0433,BR005,17,8,24,84
SKU0434,BR001,36,27,81,78
SKU0434,BR002,21,29,87,83
SKU0434,BR003,70,28,84,80
SKU0434,BR004,16,23,69,67
SKU0434,BR005,69,27,81,79
SKU0435,BR001,69,48,144,80
SKU0435,BR002,84,41,123,69
SKU0435,BR003,135,49,147,82
SKU0435,BR004,55,42,126,70
SKU0435,BR005,70,41,123,69
SKU0436,BR001,114,45,135,82
SKU0436,BR002,235,49,147,90
SKU0436,BR003,35,41,123,76
SKU0436,BR004,107,38,114,70
SKU0436,BR005,106,39,117,72
SKU0437,BR001,248,29,87,84
SKU0437,BR002,33,26,78,77
SKU0437,BR003,54,24,72,71
SKU0437,BR004,33,19,57,56
SKU0437,BR005,63,21,63,61
SKU0438,BR001,96,38,114,70
SKU0438,BR002,91,37,111,68
SKU0438,BR003,64,44,132,80
SKU0438,BR004,87,39,117,72
SKU0438,BR005,78,46,138,85
SKU0439,BR001,64,44,132,89
SKU0439,BR002,58,38,114,77
SKU0439,BR003,101,35,105,71
SKU0439,BR004,81,32,96,64
SKU0439,BR005,174,29,87,59
SKU0440,BR001,96,39,117,65
SKU0440,BR002,50,41,123,69
SKU0440,BR003,67,51,153,85
SKU0440,BR004,180,37,111,63
SKU0440,BR005,131,42,126,71
SKU0441,BR001,18,10,30,71
SKU0441,BR002,10,11,33,74
SKU0441,BR003,9,10,30,70
SKU0441,BR004,6,13,39,87
SKU0441,BR005,7,12,36,81
SKU0442,BR001,69,50,150,78
SKU0442,BR002,69,50,150,78
SKU0442,BR003,74,49,147,76
SKU0442,BR004,223,53,159,82
SKU0442,BR005,113,50,150,78
SKU0443,BR001,86,36,108,73
SKU0443,BR002,186,35,105,70
SKU0443,BR003,106,40,120,80
SKU0443,BR004,74,44,132,89
SKU0443,BR005,171,32,96,64
SKU0444,BR001,32,17,51,87
SKU0444,BR002,233,15,45,79
SKU0444,BR003,25,15,45,76
SKU0444,BR004,5,13,39,67
SKU0444,BR005,39,15,45,75
SKU0445,BR001,6,11,33,79
SKU0445,BR002,29,13,39,89
SKU0445,BR003,213,12,36,84
SKU0445,BR004,21,10,30,70
SKU0445,BR005,20,10,30,70
SKU0446,BR001,74,33,99,66
SKU0446,BR002,37,39,117,79
SKU0446,BR003,45,41,123,83
SKU0446,BR004,105,37,111,74
SKU0446,BR005,115,45,135,90
SKU0447,BR001,71,49,147,76
SKU0447,BR002,85,41,123,64
SKU0447,BR003,152,54,162,84
SKU0447,BR004,40,35,105,55
SKU0447,BR005,118,45,135,70
SKU0448,BR001,10,16,48,83
SKU0448,BR002,27,15,45,79
SKU0448,BR003,18,13,39,65
SKU0448,BR004,29,13,39,68
SKU0448,BR005,42,14,42,71
SKU0449,BR001,101,33,99,83
SKU0449,BR002,66,26,78,66
SKU0449,BR003,53,26,78,66
SKU0449,BR004,41,29,87,73
SKU0449,BR005,30,27,81,68
SKU0450,BR001,193,7,21,79
SKU0450,BR002,8,6,18,62
SKU0450,BR003,4,7,21,74
SKU0450,BR004,8,6,18,69
SKU0450,BR005,11,6,18,65
SKU0451,BR001,23,8,24,59
SKU0451,BR002,220,11,33,75
SKU0451,BR003,13,12,36,81
SKU0451,BR004,22,12,36,85
SKU0451,BR005,13,11,33,76
SKU0452,BR001,121,46,138,78
SKU0452,BR002,119,38,114,64
SKU0452,BR003,71,43,129,73
SKU0452,BR004,103,42,126,70
SKU0452,BR005,82,44,132,74
SKU0453,BR001,4,7,21,74
SKU0453,BR002,16,8,24,81
SKU0453,BR003,27,8,24,88
SKU0453,BR004,20,8,24,85
SKU0453,BR005,18,7,21,75
SKU0454,BR001,56,28,84,81
SKU0454,BR002,240,31,93,90
SKU0454,BR003,183,25,75,73
SKU0454,BR004,56,24,72,70
SKU0454,BR005,181,21,63,61
SKU0455,BR001,82,33,99,67
SKU0455,BR002,85,46,138,92
SKU0455,BR003,69,34,102,68
SKU0455,BR004,100,34,102,68
SKU0455,BR005,72,34,102,69
SKU0456,BR001,236,19,57,78
SKU0456,BR002,55,20,60,81
SKU0456,BR003,11,17,51,70
SKU0456,BR004,25,22,66,90
SKU0456,BR005,232,21,63,85
SKU0457,BR001,45,20,60,82
SKU0457,BR002,52,16,48,66
SKU0457,BR003,24,19,57,79
SKU0457,BR004,40,15,45,60
SKU0457,BR005,20,18,54,75
SKU0458,BR001,19,10,30,72
SKU0458,BR002,199,10,30,70
SKU0458,BR003,8,11,33,77
SKU0458,BR004,199,11,33,75
SKU0458,BR005,28,13,39,90
SKU0459,BR001,62,38,114,76
SKU0459,BR002,76,43,129,87
SKU0459,BR003,91,39,117,78
SKU0459,BR004,47,43,129,86
SKU0459,BR005,141,46,138,92
SKU0460,BR001,28,11,33,77
SKU0460,BR002,13,12,36,83
SKU0460,BR003,39,12,36,81
SKU0460,BR004,38,13,39,93
SKU0460,BR005,32,10,30,72
SKU0461,BR001,33,36,108,80
SKU0461,BR002,103,37,111,84
SKU0461,BR003,56,26,78,58
SKU0461,BR004,22,27,81,62
SKU0461,BR005,84,34,102,77
SKU0462,BR001,228,19,57,77
SKU0462,BR002,181,18,54,74
SKU0462,BR003,39,23,69,93
SKU0462,BR004,44,21,63,85
SKU0462,BR005,34,19,57,77
SKU0463,BR001,100,45,135,82
SKU0463,BR002,40,36,108,66
SKU0463,BR003,99,42,126,77
SKU0463,BR004,51,51,153,94
SKU0463,BR005,99,44,132,80
SKU0464,BR001,23,33,99,74
SKU0464,BR002,192,36,108,80
SKU0464,BR003,173,27,81,60
SKU0464,BR004,203,36,108,82
SKU0464,BR005,45,27,81,62
SKU0465,BR001,94,45,135,83
SKU0465,BR002,97,40,120,74
SKU0465,BR003,117,40,120,73
SKU0465,BR004,132,48,144,89
SKU0465,BR005,68,38,114,70
SKU0466,BR001,116,39,117,78
SKU0466,BR002,130,43,129,86
SKU0466,BR003,266,45,135,90
SKU0466,BR004,117,46,138,93
SKU0466,BR005,171,33,99,67
SKU0467,BR001,99,48,144,75
SKU0467,BR002,201,47,141,73
SKU0467,BR003,101,50,150,77
SKU0467,BR004,88,40,120,63
SKU0467,BR005,46,48,144,75
SKU0468,BR001,19,25,75,73
SKU0468,BR002,33,30,90,88
SKU0468,BR003,28,28,84,82
SKU0468,BR004,64,25,75,72
SKU0468,BR005,60,26,78,75
SKU0469,BR001,154,52,156,87
SKU0469,BR002,98,49,147,82
SKU0469,BR003,83,49,147,83
SKU0469,BR004,97,45,135,75
SKU0469,BR005,60,46,138,78
SKU0470,BR001,72,33,99,75
SKU0470,BR002,254,41,123,92
SKU0470,BR003,110,37,111,83
SKU0470,BR004,27,27,81,62
SKU0470,BR005,54,31,93,69
SKU0471,BR001,100,47,141,86
SKU0471,BR002,165,35,105,64
SKU0471,BR003,79,41,123,76
SKU0471,BR004,70,34,102,63
SKU0471,BR005,184,37,111,69
SKU0472,BR001,65,21,63,85
SKU0472,BR002,12,20,60,82
SKU0472,BR003,14,20,60,80
SKU0472,BR004,13,20,60,83
SKU0472,BR005,24,14,42,56
SKU0473,BR001,41,51,153,86
SKU0473,BR002,134,47,141,79
SKU0473,BR003,57,42,126,70
SKU0473,BR004,137,52,156,87
SKU0473,BR005,55,37,111,62
SKU0474,BR001,110,48,144,75
SKU0474,BR002,113,44,132,69
SKU0474,BR003,62,55,165,85
SKU0474,BR004,38,40,120,63
SKU0474,BR005,91,54,162,84
SKU0475,BR001,57,19,57,78
SKU0475,BR002,48,18,54,72
SKU0475,BR003,59,18,54,74
SKU0475,BR004,164,16,48,64
SKU0475,BR005,57,18,54,72
SKU0476,BR001,81,26,78,66
SKU0476,BR002,91,31,93,78
SKU0476,BR003,14,21,63,54
SKU0476,BR004,24,31,93,78
SKU0476,BR005,249,38,114,95
SKU0477,BR001,22,13,39,88
SKU0477,BR002,39,16,48,113
SKU0477,BR003,22,10,30,71
SKU0477,BR004,17,11,33,74
SKU0477,BR005,22,12,36,83
SKU0478,BR001,183,25,75,64
SKU0478,BR002,42,28,84,70
SKU0478,BR003,102,36,108,91
SKU0478,BR004,145,24,72,60
SKU0478,BR005,74,36,108,90
SKU0479,BR001,26,25,75,86
SKU0479,BR002,60,24,72,80
SKU0479,BR003,19,23,69,79
SKU0479,BR004,35,24,72,83
SKU0479,BR005,12,18,54,62
SKU0480,BR001,186,22,66,74
SKU0480,BR002,15,25,75,85
SKU0480,BR003,44,22,66,75
SKU0480,BR004,67,28,84,94
SKU0480,BR005,70,22,66,75
SKU0481,BR001,8,7,21,75
SKU0481,BR002,9,6,18,65
SKU0481,BR003,13,6,18,63
SKU0481,BR004,1,7,21,71
SKU0481,BR005,0,8,24,81
SKU0482,BR001,90,44,132,74
SKU0482,BR002,249,55,165,93
SKU0482,BR003,80,39,117,65
SKU0482,BR004,113,39,117,66
SKU0482,BR005,148,60,180,101
SKU0483,BR001,71,33,99,67
SKU0483,BR002,50,35,105,71
SKU0483,BR003,77,34,102,69
SKU0483,BR004,78,31,93,62
SKU0483,BR005,102,43,129,86
SKU0484,BR001,73,28,84,81
SKU0484,BR002,37,29,87,83
SKU0484,BR003,196,24,72,71
SKU0484,BR004,61,24,72,70
SKU0484,BR005,75,25,75,73
SKU0485,BR001,24,14,42,72
SKU0485,BR002,44,13,39,69
SKU0485,BR003,197,14,42,70
SKU0485,BR004,14,16,48,84
SKU0485,BR005,15,10,30,54
SKU0486,BR001,52,26,78,66
SKU0486,BR002,35,33,99,83
SKU0486,BR003,177,28,84,72
SKU0486,BR004,253,35,105,88
SKU0486,BR005,71,28,84,70
SKU0487,BR001,74,25,75,51
SKU0487,BR002,90,44,132,89
SKU0487,BR003,71,45,135,90
SKU0487,BR004,39,37,111,75
SKU0487,BR005,55,30,90,61
SKU0488,BR001,24,27,81,69
SKU0488,BR002,65,27,81,69
SKU0488,BR003,62,23,69,59
SKU0488,BR004,24,31,93,79
SKU0488,BR005,95,31,93,78
SKU0489,BR001,28,8,24,85
SKU0489,BR002,6,6,18,66
SKU0489,BR003,22,7,21,75
SKU0489,BR004,0,6,18,62
SKU0489,BR005,213,8,24,83
SKU0490,BR001,71,40,120,67
SKU0490,BR002,74,44,132,74
SKU0490,BR003,97,43,129,72
SKU0490,BR004,67,38,114,64
SKU0490,BR005,38,42,126,71
SKU0491,BR001,113,40,120,81
SKU0491,BR002,38,33,99,67
SKU0491,BR003,53,38,114,77
SKU0491,BR004,82,36,108,72
SKU0491,BR005,107,36,108,73
SKU0492,BR001,20,30,90,88
SKU0492,BR002,66,28,84,81
SKU0492,BR003,42,28,84,82
SKU0492,BR004,240,28,84,81
SKU0492,BR005,64,28,84,81
SKU0493,BR001,80,45,135,83
SKU0493,BR002,75,45,135,82
SKU0493,BR003,108,43,129,79
SKU0493,BR004,111,39,117,72
SKU0493,BR005,52,40,120,74
SKU0494,BR001,42,31,93,78
SKU0494,BR002,17,25,75,64
SKU0494,BR003,71,33,99,83
SKU0494,BR004,63,20,60,51
SKU0494,BR005,31,25,75,63
SKU0495,BR001,14,19,57,78
SKU0495,BR002,183,17,51,69
SKU0495,BR003,31,19,57,78
SKU0495,BR004,41,18,54,72
SKU0495,BR005,224,21,63,86
SKU0496,BR001,108,36,108,66
SKU0496,BR002,113,43,129,79
SKU0496,BR003,105,53,159,98
SKU0496,BR004,31,34,102,62
SKU0496,BR005,40,48,144,89
SKU0497,BR001,194,12,36,80
SKU0497,BR002,214,11,33,79
SKU0497,BR003,13,12,36,86
SKU0497,BR004,18,12,36,85
SKU0497,BR005,29,8,24,58
SKU0498,BR001,44,26,78,76
SKU0498,BR002,19,25,75,73
SKU0498,BR003,67,30,90,86
SKU0498,BR004,34,25,75,74
SKU0498,BR005,64,24,72,70
SKU0499,BR001,45,52,156,87
SKU0499,BR002,37,43,129,73
SKU0499,BR003,260,53,159,89
SKU0499,BR004,60,48,144,81
SKU0499,BR005,133,55,165,93
SKU0500,BR001,1,7,21,76
SKU0500,BR002,10,7,21,79
SKU0500,BR003,10,6,18,69
SKU0500,BR004,6,7,21,73
SKU0500,BR005,24,8,24,83
